PDatTime;Age;TEMP;JTEMP;STIRR;pH;pO2;AIRSP;MFC_B;MFC_C;MFC_D;VALVE_A;O2SP;VALVE_C;VALVE_D;PUMP_A;PUMP_B;SUBS_A;SUBS_B;SUBS_C;PUMPT_A;FOAMT;ACIDT;BASET;SUBST_A;SUBST_B;SUBST_C;VALVET_A;O2SPT;VALVET_C;VALVET_D;EXT_A;EXT_B;BALANCE_A;BALANCE_B;FLOW_A;REDOX;TURB;pHo;pO2o;EO2;ECO2;AIROV;N2SP;CO2SP
;;Value;Value;Value;Value;Value;Value;Value;Value;Value;Value;Value;Value;Value;Value;Value;Value;Value;Value;Value;Value;Value;Value;Value;Value;Value;Value;Value;Value;Value;Value;Value;Value;Value;Value;Value;Value;Value;Value;Value;Value;Value;Value;Value
;(h);(°C);(°C);(rpm);(pH);(%sat);(lpm);(lpm);(lpm);(lpm);(%);(%);(%);(%);(%);(%);(%);(%);(%);(ml);(ml);(ml);(ml);(ml);(ml);(ml);(l);(l);(l);(l);(%);(%);(g);(kg);(g/h);(mV);(AU);(pH);(%sat);(%);(%);(lpm);(%);(lpm)
12.11.2020 09:34:44;0;;;;;;;;;;;;;;;;;;;;;;;;;;;;;;;;;;;;;;;;;;;
12.11.2020 09:39:44;8,33333333333333E-02;27,179893812709;39,2357821906354;800;5,18166335934597;84,197779264214;0,00067475;0;0;0;0;0;0;0;0;0;2,5;0;0;0;0,3;27,9533333333333;0,498333333333333;0,498333333333333;0;0;0;9841;0;0;0;0;0;0;0;0;0;-2,00000000000422E-04;0;0;0;0,00067475;0;0
12.11.2020 09:44:44;0,166666666666667;36,171321547619;42,2480106018519;832,435;5,16309868518518;43,66381;5,26496666666667E-04;0;0;0;0;0;0;0;0;0;2,5;0;0;0;0,3;41,9998444444444;0,999994444444444;1,49666666666667;0;0;0;9841;0;0;0;0;0;0;0;0;0;-2,00000000000422E-04;0;0;0;5,26496666666667E-04;0;0
12.11.2020 09:49:44;0,25;38,645138202381;39,3003597106481;965,9864;5,12862995;36,3272033333333;0,0003000025;0;0;0;0;0;0;0;0;0;2,5;0;0;0;0,3;42;1,49667222222222;2,49666666666667;0;0;0;9841;0;0;0;0;0;0;0;0;0;-2,00000000000422E-04;0;0;0;0,0003000025;0;0
12.11.2020 09:54:44;0,333333333333333;38,7541433333333;37,8561523541667;1091,29026666667;5,14724397777778;30,6606233333333;0,0010765;0;0;0;0,248336111111111;0;0;0;0;0;2,5;0;0;0;0,3;42;2,49666666666667;3,49666666666667;0;0;0;9841;0;0;0;0;0;0;0;0;0;-2,00000000000422E-04;0;0;0;0,0010765;0;0
12.11.2020 09:59:44;0,416666666666667;38,10269825;36,8580010833333;965,166666666667;5,15371587777778;40,9693366666667;0,496661983050847;0;0;0;0,499997222222222;0;0;0;0;0;2,5;0;0;0;0,3;42;2,99999444444444;4,49666666666667;0;0;0;9841;0;0;0;0;0;0;0;0;0;-2,00000000000422E-04;0;0;0;0,496661983050847;0;0
12.11.2020 10:04:44;0,5;37,3001500833333;36,0548510833333;800;5,11255693333333;55,4761644444444;0,500702013615819;0;0;0;0,5;0;0;0;0;0;2,5;0;0;0;0,3;42;3,49667222222222;5,49666666666667;0;0;0;9841;0;0;0;0;0;0;0;0;0;-2,00000000000422E-04;0;0;0;0,500702013615819;0;0
12.11.2020 10:09:44;0,583333333333333;36,50515;35,34985;800;5,10996016111111;68,8896888888889;0,5007725075;0;0;0;0,5;0;0;0;0;0;2,5;0;0;0;0,3;42;3,99999444444444;6,49666666666667;0;0;0;9841;0;0;0;0;0;0;0;0;0;-2,00000000000422E-04;0;0;0;0,5007725075;0;0
12.11.2020 10:14:44;0,666666666666667;35,7548505;34,6970005833333;800;5,13884685555556;76,054;0,501149995833333;0;0;0;0,5;0;0;0;0;0;2,5;0;0;0;0,3;42;4,49667222222222;7,49666666666667;0;0;0;9841;0;0;0;0;0;0;0;0;0;-2,00000000000422E-04;0;0;0;0,501149995833333;0;0
12.11.2020 10:19:44;0,75;35,1020005833333;34,097;800;5,16150307222222;78,8581851851852;0,501000998333333;0;0;0;0,5;0;0;0;0;0;2,5;0;0;0;0,3;42;4,99999444444444;8,99333888888889;0;0;0;9841;0;0;0;0;0;0;0;0;0;-2,00000000000422E-04;0;0;0;0,501000998333333;0;0
12.11.2020 10:24:44;0,833333333333333;34,502;33,5491505833333;800;5,15702662777778;80,4280547037037;0,500850001666667;0;0;0;0,5;0;0;0;0;0;2,5;0;0;0;0,3;42;5,49667222222222;10,4966611111111;0;0;0;9841;0;0;0;0;0;0;0;0;0;-2,00000000000422E-04;0;0;0;0,500850001666667;0;0
12.11.2020 10:29:44;0,916666666666667;33,9541505833333;33,0988505;800;5,14207325555556;81,7578811680217;0,500775499166667;0;0;0;0,5;0;0;0;0;0;2,5;0;0;0;0,3;42;5,99999444444444;11,4966666666667;0;0;0;9841;0;0;0;0;0;0;0;0;0;-2,00000000000422E-04;0;0;0;0,500775499166667;0;0
12.11.2020 10:34:44;1;33,4516999166667;32,7013000833333;800;5,15186035555556;82,8771320962426;0,5006255;0;0;0;0,5;0;0;0;0;0;2,5;0;0;0;0,3;42;6;12,4966666666667;0;0;0;9841;0;0;0;0;0;0;0;0;0;-2,00000000000422E-04;0;0;0;0,5006255;0;0
12.11.2020 10:39:44;1,08333333333333;33,0013006666667;32,3038499166667;800;5,16256965;82,5054468468469;0,500624501666667;0;0;0;0,5;0;0;0;0;0;2,5;0;0;0;0,3;42;6,49667222222222;13,4966666666667;0;0;0;9841;0;0;0;0;0;0;0;0;0;-2,00000000000422E-04;0;0;0;0,500624501666667;0;0
12.11.2020 10:44:44;1,16666666666667;32,6038499166667;31,89885;800;5,15696683888889;81,53382;0,500625498333333;0;0;0;0,5;0;0;0;0;0;2,5;0;0;0;0,3;42;6,99999444444444;14,4966666666667;0;0;0;9841;0;0;0;0;0;0;0;0;0;-2,00000000000422E-04;0;0;0;0,500625498333333;0;0
12.11.2020 10:49:44;1,25;32,19885;31,5460005833333;800;5,14610643333333;80,0769015909091;0,5006990025;0;0;0;0,5;0;0;0;0;0;2,5;0;0;0;0,3;42;7;15,4966666666667;0;0;0;9841;0;0;0;0;0;0;0;0;0;-2,00000000000422E-04;0;0;0;0,5006990025;0;0
12.11.2020 10:54:44;1,33333333333333;31,8460005833333;31,246;800;5,14589368888889;78,0933817424242;0,500849998333333;0;0;0;0,5;0;0;0;0;0;2,5;0;0;0;0,3;42;7;16,4966666666667;0;0;0;9841;0;0;0;0;0;0;0;0;0;-2,00000000000422E-04;0;0;0;0,500849998333333;0;0
12.11.2020 10:59:44;1,41666666666667;31,546;30,946;800;5,14113958888889;76,3811073333333;0,5006264975;0;0;0;0,5;0;0;0;0;0;2,5;0;0;0;0,3;42;7,49667222222222;17,4966666666667;0;0;0;9841;0;0;0;0;0;0;0;0;0;-2,00000000000422E-04;0;0;0;0,5006264975;0;0
12.11.2020 11:04:44;1,5;31,246;30,6981505833333;800;5,12049690555556;75,0646926666667;0,500772506666667;0;0;0;0,5;0;0;0;0;0;2,5;0;0;0;0,3;42;7,99999444444444;18,4966666666667;0;0;0;9841;0;0;0;0;0;0;0;0;0;-2,00000000000422E-04;0;0;0;0,500772506666667;0;0
12.11.2020 11:09:44;1,58333333333333;30,946;30,4509994166667;800;5,13242345555556;74,7936994444444;0,501224496666667;0;0;0;0,5;0;0;0;0;0;2,5;0;0;0;0,3;42;8;19,4966666666667;0;0;0;9841;0;0;0;0;0;0;0;0;0;-2,00000000000422E-04;0;0;0;0,501224496666667;0;0
12.11.2020 11:14:44;1,66666666666667;30,6981505833333;30,2031505833333;800;5,15293997222222;73,5948847491039;0,501001995833333;0;0;0;0,5;0;0;0;0;0;2,5;0;0;0;0,3;42;8;20,4966666666667;0;0;0;9841;0;0;0;0;0;0;0;0;0;-2,00000000000422E-04;0;0;0;0,501001995833333;0;0
12.11.2020 11:19:44;1,75;30,50315;30,0006999166667;800;5,17193334444444;72,1255700921659;0,5006255025;0;0;0;0,5;0;0;0;0;0;2,5;0;0;0;0,3;42;8,49667222222222;21,4966666666667;0;0;0;9841;0;0;0;0;0;0;0;0;0;-2,00000000000422E-04;0;0;0;0,5006255025;0;0
12.11.2020 11:24:44;1,83333333333333;30,3006999166667;29,7981500833333;800;5,1531929;71,4639875091575;0,500624501666667;0;0;0;0,5;0;0;0;0;0;2,5;0;0;0;0,3;42;8,99999444444444;22,4966666666667;0;0;0;9841;0;0;0;0;0;0;0;0;0;-2,00000000000422E-04;0;0;0;0,500624501666667;0;0
12.11.2020 11:29:44;1,91666666666667;30,3961534166667;30,29600775;800;5,13741047222222;68,2336823076923;0,500849000833333;0;0;0;0,5;0;0;0;0;0;2,5;0;0;0;0,3;42;9;23,4966666666667;0;0;0;9841;0;0;0;0;0;0;0;0;0;-2,00000000000422E-04;0;0;0;0,500849000833333;0;0
12.11.2020 11:34:44;2;30,7489994166667;31,0117445833333;800;5,15348321111111;61,5612362004662;0,500850996666667;0;0;0;0,5;0;0;0;0;0;2,5;0;0;0;0,3;42;9,49667222222222;24,4966666666667;0;0;0;9841;0;0;0;0;0;0;0;0;0;-2,00000000000422E-04;0;0;0;0,500850996666667;0;0
12.11.2020 11:39:44;2,08333333333333;31,049;31,1994995833333;800;5,15053657777778;55,613973030303;0,500700001666667;0;0;0;0,5;0;0;0;0;0;2,5;0;0;0;0,3;42;9,99999444444444;25,4966666666667;0;0;0;9841;0;0;0;0;0;0;0;0;0;-2,00000000000422E-04;0;0;0;0,500700001666667;0;0
12.11.2020 11:44:44;2,16666666666667;31,2968494166667;31,3345998333333;800;5,14301337222222;51,09081;0,500774500833333;0;0;0;0,5;0;0;0;0;0;2,5;0;0;0;0,3;42;10;26,4966666666667;0;0;0;9841;0;0;0;0;0;0;0;0;0;-2,00000000000422E-04;0;0;0;0,500774500833333;0;0
12.11.2020 11:49:44;2,25;31,4471495;31,3949993333333;800;5,13007323333333;46,27304;0,500775498333333;0;0;0;0,5;0;0;0;0;0;2,5;0;0;0;0,3;42;10,4966722222222;27,4966666666667;0;0;0;9841;0;0;0;0;0;0;0;0;0;-2,00000000000422E-04;0;0;0;0,500775498333333;0;0
12.11.2020 11:54:44;2,33333333333333;31,55215;31,4471505833333;800;5,14383373333333;43,3179023333333;0,5006255;0;0;0;0,5;0;0;0;0;0;2,5;0;0;0;0,3;42;10,9999944444444;28,9933388888889;0;0;0;9841;0;0;0;0;0;0;0;0;0;-2,00000000000422E-04;0;0;0;0,5006255;0;0
12.11.2020 11:59:44;2,41666666666667;31,7018505;31,4999994166667;806,921666666667;5,15211286666667;40,6111643333333;0,5006990025;0;0;0;0,5;0;0;0;0;0;2,5;0;0;0;0,3;42;11;30,4966611111111;0;0;0;9841;0;0;0;0;0;0;0;0;0;-2,00000000000422E-04;0;0;0;0,5006990025;0;0
12.11.2020 12:04:44;2,5;31,7999989166667;31,5;815,1247;5,13798022222222;40,5218866666667;0,5007754975;0;0;0;0,5;0;0;0;0;0;2,5;0;0;0;0,3;42;11;31,4966666666667;0;0;0;9841;0;0;0;0;0;0;0;0;0;-2,00000000000422E-04;0;0;0;0,5007754975;0;0
12.11.2020 12:09:44;2,58333333333333;31,8;31,6490016666667;817,834433333333;5,14149663888889;41,7469066666667;0,500923503333333;0;0;0;0,5;0;0;0;0;0;2,5;0;0;0;0,3;42;11,4966722222222;32,4966666666667;0;0;0;9841;0;0;0;0;0;0;0;0;0;-2,00000000000422E-04;0;0;0;0,500923503333333;0;0
12.11.2020 12:14:44;2,66666666666667;31,8;31,8521489166667;828,1242;5,14001330555555;41,8347033333333;0,500851994166667;0;0;0;0,5;0;0;0;0;0;2,5;0;0;0;0,3;42;11,9999944444444;33,4966666666667;0;0;0;9841;0;0;0;0;0;0;0;0;0;-2,00000000000422E-04;0;0;0;0,500851994166667;0;0
12.11.2020 12:19:44;2,75;31,8521505833333;31,75599775;833,851533333333;5,12856325;42,0946566666667;0,500773505833333;0;0;0;0,5;0;0;0;0;0;2,5;0;0;0;0,3;42;12,4966722222222;34,4966666666667;0;0;0;9841;0;0;0;0;0;0;0;0;0;-2,00000000000422E-04;0;0;0;0,500773505833333;0;0
12.11.2020 12:24:44;2,83333333333333;31,9496999166667;31,456;838,153866666667;5,13241025555556;43,38045;0,500925496666667;0;0;0;0,5;0;0;0;0;0;2,5;0;0;0;0,3;42;12,9999944444444;35,4966666666667;0;0;0;9841;0;0;0;0;0;0;0;0;0;-2,00000000000422E-04;0;0;0;0,500925496666667;0;0
12.11.2020 12:29:44;2,91666666666667;31,9949995;31,40185275;842,644466666667;5,15344993333333;43,52701;0,5007755;0;0;0;0,5;0;0;0;0;0;2,5;0;0;0;0,3;42;13;36,4966666666667;0;0;0;9841;0;0;0;0;0;0;0;0;0;-2,00000000000422E-04;0;0;0;0,5007755;0;0
12.11.2020 12:34:44;3;31,995;31,5521495;853,400133333333;5,16248993333333;43,10295;0,500700000833333;0;0;0;0,5;0;0;0;0;0;2,5;0;0;0;0,3;42;13,4966722222222;37,4966666666667;0;0;0;9841;0;0;0;0;0;0;0;0;0;-2,00000000000422E-04;0;0;0;0,500700000833333;0;0
12.11.2020 12:39:44;3,08333333333333;31,995;31,7540010833333;858,996666666667;5,17145006666667;43,43817;0,500625499166667;0;0;0;0,5;0;0;0;0;0;2,5;0;0;0;0,3;42;13,9999944444444;38,4966666666667;0;0;0;9841;0;0;0;0;0;0;0;0;0;-2,00000000000422E-04;0;0;0;0,500625499166667;0;0
12.11.2020 12:44:44;3,16666666666667;31,995;31,7038460833333;866,345;5,14621955;44,06423;0,500848004166667;0;0;0;0,5;0;0;0;0;0;2,5;0;0;0;0,3;42;14,4966722222222;39,4966666666667;0;0;0;9841;0;0;0;0;0;0;0;0;0;-2,00000000000422E-04;0;0;0;0,500848004166667;0;0
12.11.2020 12:49:44;3,25;31,995;31,5521528333333;871,196666666667;5,12045045;44,3559966666667;0,500926494166667;0;0;0;0,5;0;0;0;0;0;2,5;0;0;0;0,3;42;14,9999944444444;40,4966666666667;0;0;0;9841;0;0;0;0;0;0;0;0;0;-2,00000000000422E-04;0;0;0;0,500926494166667;0;0
12.11.2020 12:54:44;3,33333333333333;31,995;31,5528488333333;876,664466666667;5,16742898333333;45,15718;0,5007000025;0;0;0;0,5;0;0;0;0;0;2,5;0;0;0;0,3;42;15,4966722222222;41,4966666666667;0;0;0;9841;0;0;0;0;0;0;0;0;0;-2,00000000000422E-04;0;0;0;0,5007000025;0;0
12.11.2020 12:59:44;3,41666666666667;31,995;31,5000005833333;879,7744;5,14106915555556;45,2218833333333;0,500774500833333;0;0;0;0,5;0;0;0;0;0;2,5;0;0;0;0,3;42;15,9999944444444;42,4966666666667;0;0;0;9841;0;0;0;0;0;0;0;0;0;-2,00000000000422E-04;0;0;0;0,500774500833333;0;0
12.11.2020 13:04:44;3,5;31,995;31,5521505833333;887,9256;5,11957665;45,0135133333333;0,5009245;0;0;0;0,5;0;0;0;0;0;2,5;0;0;0;0,3;42;16;43,4966666666667;0;0;0;9841;0;0;0;0;0;0;0;0;0;-2,00000000000422E-04;0;0;0;0,5009245;0;0
12.11.2020 13:09:44;3,58333333333333;31,995;31,6049994166667;891,489933333334;5,15856867407407;43,7325566666667;0,500925498333333;0;0;0;0,5;0;0;0;0;0;2,5;0;0;0;0,3;42;16,4966722222222;44,4966666666667;0;0;0;9841;0;0;0;0;0;0;0;0;0;-2,00000000000422E-04;0;0;0;0,500925498333333;0;0
12.11.2020 13:14:44;3,66666666666667;31,995;31,5528494166667;898,667266666667;5,14410627592593;43,39859;0,500850000833333;0;0;0;0,5;0;0;0;0;0;2,5;0;0;0;0,3;42;16,9999944444444;45,4966666666667;0;0;0;9841;0;0;0;0;0;0;0;0;0;-2,00000000000422E-04;0;0;0;0,500850000833333;0;0
12.11.2020 13:19:44;3,75;31,995;31,5521511666667;905,6682;5,12750350555556;42,9978333333333;0,50085;0;0;0;0,5;0;0;0;0;0;2,5;0;0;0;0,3;42;17,4966722222222;46,4966666666667;0;0;0;9841;0;0;0;0;0;0;0;0;0;-2,00000000000422E-04;0;0;0;0,50085;0;0
12.11.2020 13:24:44;3,83333333333333;31,995;31,6049994166667;903,613466666667;5,12054326666667;42,65833;0,500775499166667;0;0;0;0,5;0;0;0;0;0;2,5;0;0;0;0,3;42;17,9999944444444;47,4966666666667;0;0;0;9841;0;0;0;0;0;0;0;0;0;-2,00000000000422E-04;0;0;0;0,500775499166667;0;0
12.11.2020 13:29:44;3,91666666666667;31,995;31,605;905,7232;5,1313836;42,6136266666667;0,500923503333333;0;0;0;0,5;0;0;0;0;0;2,5;0;0;0;0,3;42;18,4966722222222;48,9933388888889;0;0;0;9841;0;0;0;0;0;0;0;0;0;-2,00000000000422E-04;0;0;0;0,500923503333333;0;0
12.11.2020 13:34:44;4;31,995;31,5528494166667;922,827466666667;5,13012626111111;40,6258833333333;0,501000995833333;0;0;0;0,5;0;0;0;0;0;2,5;0;0;0;0,3;42;19,4966666666667;50,4966611111111;0;0;0;9841;0;0;0;0;0;0;0;0;0;-2,00000000000422E-04;0;0;0;0,501000995833333;0;0
12.11.2020 13:39:44;4,08333333333333;31,995;31,5521511666667;908,489333333333;5,15770532222222;41,0877033333333;0,5009245025;0;0;0;0,5;0;0;0;0;0;2,5;0;0;0;0,3;42;19,9999944444444;51,4966666666667;0;0;0;9841;0;0;0;0;0;0;0;0;0;-2,00000000000422E-04;0;0;0;0,5009245025;0;0
12.11.2020 13:44:44;4,16666666666667;31,995;31,6049994166667;928,2898;5,19240651600753;39,60126;0,500701995833333;0;0;0;0,5;0;0;0;0;0;2,5;0;0;0;0,3;42;20,4966722222222;52,4966666666667;0;0;0;9841;0;0;0;0;0;0;0;0;0;-2,00000000000422E-04;0;0;0;0,500701995833333;0;0
12.11.2020 13:49:44;4,25;31,995;31,605;919,273533333333;5,17460320065913;40,2399066666667;0,5007725075;0;0;0;0,5;0;0;0;0;0;2,5;0;0;0;0,3;42;20,9999944444444;53,4966666666667;0;0;0;9841;0;0;0;0;0;0;0;0;0;-2,00000000000422E-04;0;0;0;0,5007725075;0;0
12.11.2020 13:54:44;4,33333333333333;31,995;31,605;933,41;5,1585035;39,1533333333333;0,501224496666667;0;0;0;0,5;0;0;0;0;0;2,5;0;0;0;0,3;42;21,4966722222222;54,4966666666667;0;0;0;9841;0;0;0;0;0;0;0;0;0;-2,00000000000422E-04;0;0;0;0,501224496666667;0;0
12.11.2020 13:59:44;4,41666666666667;31,995;31,5528494166667;940,6702;5,14806656111111;39,2681533333333;0,501076496666667;0;0;0;0,5;0;0;0;0;0;2,5;0;0;0;0,3;42;21,9999944444444;55,4966666666667;0;0;0;9841;0;0;0;0;0;0;0;0;0;-2,00000000000422E-04;0;0;0;0,501076496666667;0;0
12.11.2020 14:04:44;4,5;31,995;31,5521511666667;931,648133333333;5,15736655555555;40,05473;0,5008500025;0;0;0;0,5;0;0;0;0;0;2,5;0;0;0;0,3;42;22,4966722222222;56,4966666666667;0;0;0;9841;0;0;0;0;0;0;0;0;0;-2,00000000000422E-04;0;0;0;0,5008500025;0;0
12.11.2020 14:09:44;4,58333333333333;31,995;31,6049994166667;955,166666666667;5,12651020555556;40,6825266666667;0,500999001666667;0;0;0;0,5;0;0;0;0;0;2,5;0;0;0;0,3;42;22,9999944444444;57,4966666666667;0;0;0;9841;0;0;0;0;0;0;0;0;0;-2,00000000000422E-04;0;0;0;0,500999001666667;0;0
12.11.2020 14:14:44;4,66666666666667;31,995;31,5528494166667;942,9;5,13344344444445;40,6992766666667;0,501224499166667;0;0;0;0,5;0;0;0;0;0;2,5;0;0;0;0,3;42;23,4966722222222;58,4966666666667;0;0;0;9841;0;0;0;0;0;0;0;0;0;-2,00000000000422E-04;0;0;0;0,501224499166667;0;0
12.11.2020 14:19:44;4,75;31,995;31,5521511666667;951,63;5,12213301666667;40,3909466666667;0,500927495;0;0;0;0,5;0;0;0;0;0;2,5;0;0;0;0,3;42;23,9999944444444;59,4966666666667;0;0;0;9841;0;0;0;0;0;0;0;0;0;-2,00000000000422E-04;0;0;0;0,500927495;0;0
12.11.2020 14:24:44;4,83333333333333;31,995;31,5528488333333;953,933333333333;5,1328189502924;38,9763833333333;0,500624505;0;0;0;0,5;0;0;0;0;0;2,5;0;0;0;0,3;42;24,4966722222222;60,4966666666667;0;0;0;9841;0;0;0;0;0;0;0;0;0;-2,00000000000422E-04;0;0;0;0,500624505;0;0
12.11.2020 14:29:44;4,91666666666667;31,995;31,537251;942,9;5,12363604415205;40,47363;0,500699999166667;0;0;0;0,5;0;0;0;0;0;2,5;0;0;0;0,3;42;25,4966666666667;61,4966666666667;0;0;0;9841;0;0;0;0;0;0;0;0;0;-2,00000000000422E-04;0;0;0;0,500699999166667;0;0
12.11.2020 14:34:44;5;31,995;31,5377491666667;934,56;5,15445571190476;48,5025533333333;0,5009235025;0;0;0;0,5;0;0;0;0;0;2,5;0;0;0;0,3;42;25,9999944444444;62,4966666666667;0;0;0;9841;0;0;0;0;0;0;0;0;0;-2,00000000000422E-04;0;0;0;0,5009235025;0;0
12.11.2020 14:39:44;5,08333333333333;31,9502995;31,5000004166667;900,203333333333;5,19191299365079;61,34898;0,501000995833333;0;0;0;0,5;0;0;0;0;0;2,5;0;0;0;0,3;42;26;63,4966666666667;0;0;0;9841;0;0;0;0;0;0;0;0;0;-2,00000000000422E-04;0;0;0;0,501000995833333;0;0
12.11.2020 14:44:44;5,16666666666667;31,949701;31,5521505833333;816,71;5,17619286666667;65,8669905555555;0,5009245025;0;0;0;0,5;0;0;0;0;0;2,5;0;0;0;0,3;42;26;64,4966666666667;0;0;0;9841;0;0;0;0;0;0;0;0;0;-2,00000000000422E-04;0;0;0;0,5009245025;0;0
12.11.2020 14:49:44;5,25;31,9949995;31,6496999166667;800;5,15796467407407;71,265642037037;0,501149000833333;0;0;0;0,5;0;0;0;0;0;2,5;0;0;0;0,3;42;26;65,4966666666667;0;0;0;9841;0;0;0;0;0;0;0;0;0;-2,00000000000422E-04;0;0;0;0,501149000833333;0;0
12.11.2020 14:54:44;5,33333333333333;31,9502995;31,8812515833333;800;5,18427290740741;68,2951307407407;0,501150996666667;0;0;0;0,5;0;0;0;0;0;2,5;0;0;0;0,3;42;26,4966722222222;66,4966666666667;0;0;0;9841;0;0;0;0;0;0;0;0;0;-2,00000000000422E-04;0;0;0;0,501150996666667;0;0
12.11.2020 14:59:44;5,41666666666667;31,949701;31,8837458333333;800;5,16765262962963;73,9222833333333;0,500776499166667;0;0;0;0,5;0;0;0;0;0;2,5;0;0;0;0,3;42;26,9999944444444;67,4966666666667;0;0;0;9841;0;0;0;0;0;0;0;0;0;-2,00000000000422E-04;0;0;0;0,500776499166667;0;0
12.11.2020 15:04:44;5,5;31,9949995;31,79930325;800;5,16259828333333;85,8173977777778;0,500624503333333;0;0;0;0,5;0;0;0;0;0;2,5;0;0;0;0,3;42;27;68,9933388888889;0;0;0;9841;0;0;0;0;0;0;0;0;0;-2,00000000000422E-04;0;0;0;0,500624503333333;0;0
12.11.2020 15:09:44;5,58333333333333;31,995;31,85284825;800;5,15743693333333;97,3907994444444;0,5007745;0;0;0;0,5;0;0;0;0;0;2,5;0;0;0;0,3;42;27;70,4966611111111;0;0;0;9841;0;0;0;0;0;0;0;0;0;-2,00000000000422E-04;0;0;0;0,5007745;0;0
12.11.2020 15:14:44;5,66666666666667;31,995;31,8000005833333;800;5,18587343888889;107,548189444444;0,500775498333333;0;0;0;0,5;0;0;0;0;0;2,5;0;0;0;0,3;42;27,4966722222222;71,4966666666667;0;0;0;9841;0;0;0;0;0;0;0;0;0;-2,00000000000422E-04;0;0;0;0,500775498333333;0;0
12.11.2020 15:19:44;5,75;31,995;31,8;800;5,18463622777778;111,613291904762;0,500774501666667;0;0;0;0,5;0;0;0;0;0;2,5;0;0;0;0,3;42;27,9999944444444;72,4966666666667;0;0;0;9841;0;0;0;0;0;0;0;0;0;-2,00000000000422E-04;0;0;0;0,500774501666667;0;0
12.11.2020 15:24:44;5,83333333333333;31,995;31,8521505833333;800;5,14463001111111;110,244218095238;0,501073501666667;0;0;0;0,5;0;0;0;0;0;2,5;0;0;0;0,3;42;28;73,4966666666667;0;0;0;9841;0;0;0;0;0;0;0;0;0;-2,00000000000422E-04;0;0;0;0,501073501666667;0;0
12.11.2020 15:29:44;5,91666666666667;31,995;31,8528488333333;800;5,17988175;109,96710625;0,500927493333333;0;0;0;0,5;0;0;0;0;0;2,5;0;0;0;0,3;42;28;74,4966666666667;0;0;0;9841;0;0;0;0;0;0;0;0;0;-2,00000000000422E-04;0;0;0;0,500927493333333;0;0
12.11.2020 15:34:44;6;31,995;31,8000005833333;800;5,16304838888889;109,889567083333;0,500699005833333;0;0;0;0,5;0;0;0;0;0;2,5;0;0;0;0,3;42;28;75,4966666666667;0;0;0;9841;0;0;0;0;0;0;0;0;0;-2,00000000000422E-04;0;0;0;0,500699005833333;0;0
12.11.2020 15:39:44;6,08333333333333;31,995;31,8;800;5,17835032777778;109,442526666667;0,500999;0;0;0;0,5;0;0;0;0;0;2,5;0;0;0;0,3;42;28;76,4966666666667;0;0;0;9841;0;0;0;0;0;0;0;0;0;-2,00000000000422E-04;0;0;0;0,500999;0;0
12.11.2020 15:44:44;6,16666666666667;31,995;31,8;800;5,19851638888889;107,282548888889;0,501000996666667;0;0;0;0,5;0;0;0;0;0;2,5;0;0;0;0,3;42;28,4966722222222;77,4966666666667;0;0;0;9841;0;0;0;0;0;0;0;0;0;-2,00000000000422E-04;0;0;0;0,501000996666667;0;0
12.11.2020 15:49:44;6,25;31,995;31,8;800;5,18457656666667;98,0793066666667;0,500999003333333;0;0;0;0,5;0;0;0;0;0;2,5;0;0;0;0,3;42;28,9999944444444;78,4966666666667;0;0;0;9841;0;0;0;0;0;0;0;0;0;-2,00000000000422E-04;0;0;0;0,500999003333333;0;0
12.11.2020 15:54:44;6,33333333333333;31,995;31,8;800;5,17846352222222;100,412107777778;0,500851995;0;0;0;0,5;0;0;0;0;0;2,5;0;0;0;0,3;42;29;79,4966666666667;0;0;0;9841;0;0;0;0;0;0;0;0;0;-2,00000000000422E-04;0;0;0;0,500851995;0;0
12.11.2020 15:59:44;6,41666666666667;31,995;31,8521505833333;800;5,15221291666667;97,3142713888889;0,500699005;0;0;0;0,5;0;0;0;0;0;2,5;0;0;0;0,3;42;29;80,4966666666667;0;0;0;9841;0;0;0;0;0;0;0;0;0;-2,00000000000422E-04;0;0;0;0,500699005;0;0
12.11.2020 16:04:44;6,5;31,995;31,9049994166667;800;5,14122035555556;93,6715152777778;0,500626495833333;0;0;0;0,5;0;0;0;0;0;2,5;0;0;0;0,3;42;29;81,4966666666667;0;0;0;9841;0;0;0;0;0;0;0;0;0;-2,00000000000422E-04;0;0;0;0,500626495833333;0;0
12.11.2020 16:09:44;6,58333333333333;31,995;31,905;800;5,15294175555555;93,7807110526316;0,500549004166667;0;0;0;0,5;0;0;0;0;0;2,5;0;0;0;0,3;42;29,4966722222222;82,4966666666667;0;0;0;9841;0;0;0;0;0;0;0;0;0;-2,00000000000422E-04;0;0;0;0,500549004166667;0;0
12.11.2020 16:14:44;6,66666666666667;31,995;31,8528494166667;800;5,20040507222222;94,1326832066277;0,500550996666667;0;0;0;0,5;0;0;0;0;0;2,5;0;0;0;0,3;42;29,9999944444444;83,4966666666667;0;0;0;9841;0;0;0;0;0;0;0;0;0;-2,00000000000422E-04;0;0;0;0,500550996666667;0;0
12.11.2020 16:19:44;6,75;31,995;31,8000005833333;800;5,19662296666667;94,3344865740741;0,500400001666667;0;0;0;0,5;0;0;0;0;0;2,5;0;0;0;0,3;42;30;84,4966666666667;0;0;0;9841;0;0;0;0;0;0;0;0;0;-2,00000000000422E-04;0;0;0;0,500400001666667;0;0
12.11.2020 16:24:44;6,83333333333333;31,995;31,8521505833333;800;5,17005345;94,6566445;0,500698003333333;0;0;0;0,5;0;0;0;0;0;2,5;0;0;0;0,3;42;30;85,4966666666667;0;0;0;9841;0;0;0;0;0;0;0;0;0;-2,00000000000422E-04;0;0;0;0,500698003333333;0;0
12.11.2020 16:29:44;6,91666666666667;31,995;31,8528488333333;800;5,14163652777778;95,2349713333333;0,5010744975;0;0;0;0,5;0;0;0;0;0;2,5;0;0;0;0,3;42;30;86,4966666666667;0;0;0;9841;0;0;0;0;0;0;0;0;0;-2,00000000000422E-04;0;0;0;0,5010744975;0;0
12.11.2020 16:34:44;7;31,995;31,8000005833333;800;5,17680976944445;95,71776;0,500851995833333;0;0;0;0,5;0;0;0;0;0;2,5;0;0;0;0,3;42;30,4966722222222;87,4966666666667;0;0;0;9841;0;0;0;0;0;0;0;0;0;-2,00000000000422E-04;0;0;0;0,500851995833333;0;0
12.11.2020 16:39:44;7,08333333333333;31,995;31,8521505833333;800;5,19850045277778;95,8998419047619;0,500773505833333;0;0;0;0,5;0;0;0;0;0;2,5;0;0;0;0,3;42;30,9999944444444;88,9933388888889;0;0;0;9841;0;0;0;0;0;0;0;0;0;-2,00000000000422E-04;0;0;0;0,500773505833333;0;0
12.11.2020 16:44:44;7,16666666666667;31,995;31,89009925;800;5,18756988888889;96,9413554285714;0,500925496666667;0;0;0;0,5;0;0;0;0;0;2,5;0;0;0;0,3;42;31;90,4966611111111;0;0;0;9841;0;0;0;0;0;0;0;0;0;-2,00000000000422E-04;0;0;0;0,500925496666667;0;0
12.11.2020 16:49:44;7,25;31,995;31,83774975;800;5,18991359444444;97,4100893333333;0,500850000833333;0;0;0;0,5;0;0;0;0;0;2,5;0;0;0;0,3;42;31;91,4966666666667;0;0;0;9841;0;0;0;0;0;0;0;0;0;-2,00000000000422E-04;0;0;0;0,500850000833333;0;0
12.11.2020 16:54:44;7,33333333333333;31,995;31,852151;800;5,19604644444445;98,2218629166667;0,500700998333333;0;0;0;0,5;0;0;0;0;0;2,5;0;0;0;0,3;42;31;92,4966666666667;0;0;0;9841;0;0;0;0;0;0;0;0;0;-2,00000000000422E-04;0;0;0;0,500700998333333;0;0
12.11.2020 16:59:44;7,41666666666667;31,995;31,8528488333333;800;5,19446347222222;97,4298670833333;0,500550001666667;0;0;0;0,5;0;0;0;0;0;2,5;0;0;0;0,3;42;31;93,4966666666667;0;0;0;9841;0;0;0;0;0;0;0;0;0;-2,00000000000422E-04;0;0;0;0,500550001666667;0;0
12.11.2020 17:04:44;7,5;31,995;31,8000005833333;800;5,19453654444444;99,1311;0,500848003333333;0;0;0;0,5;0;0;0;0;0;2,5;0;0;0;0,3;42;31;94,4966666666667;0;0;0;9841;0;0;0;0;0;0;0;0;0;-2,00000000000422E-04;0;0;0;0,500848003333333;0;0
12.11.2020 17:09:44;7,58333333333333;31,995;31,8;800;5,19694681666667;98,19827;0,501075495833333;0;0;0;0,5;0;0;0;0;0;2,5;0;0;0;0,3;42;31,4966722222222;95,4966666666667;0;0;0;9841;0;0;0;0;0;0;0;0;0;-2,00000000000422E-04;0;0;0;0,501075495833333;0;0
12.11.2020 17:14:44;7,66666666666667;31,995;31,8;800;5,15582936111111;98,3921066666667;0,501000000833333;0;0;0;0,5;0;0;0;0;0;4,0375;0;0;0;0,3;42;31,9999944444444;96,9933388888889;0;0;0;9841;0;0;0;0;0;0;0;0;0;-2,00000000000422E-04;0;0;0;0,501000000833333;0;0
12.11.2020 17:19:44;7,75;31,995;31,7478494166667;877,37;5,14433255;61,0978133333333;0,501074500833333;0;0;0;0,5;0;0;0;0;0;4,89166666666667;0;0;0;0,3;42;32,4966722222222;98,9933333333333;0;0;0;9841;0;0;0;0;0;0;0;0;0;-2,00000000000422E-04;0;0;0;0,501074500833333;0;0
12.11.2020 17:24:44;7,83333333333333;31,995;31,57579925;886,985066666667;5,17874936666667;45,4162566666667;0,5012245;0;0;0;0,5;0;0;0;0;0;5;0;0;0;0,3;42;33,4966666666667;100,993333333333;0;0;0;9841;0;0;0;0;0;0;0;0;0;-2,00000000000422E-04;0;0;0;0,5012245;0;0
12.11.2020 17:29:44;7,91666666666667;32,0471505833333;31,2761993333333;896,7672;5,12401049047619;40,7578466666667;0,501076496666667;0;0;0;0,5;0;0;0;0;0;4,77916666666667;0;0;0;0,3;42;33,9999944444444;102,993333333333;0;0;0;9841;0;0;0;0;0;0;0;0;0;-2,00000000000422E-04;0;0;0;0,501076496666667;0;0
12.11.2020 17:34:44;8;32,0478488333333;31,3483048333333;899,1558;5,13205970952381;41,31516;0,5008500025;0;0;0;0,5;0;0;0;0;0;2,5;0;0;0;0,3;42;34,4966722222222;104,496661111111;0;0;0;9841;0;0;0;0;0;0;0;0;0;-2,00000000000422E-04;0;0;0;0,5008500025;0;0
12.11.2020 17:39:44;8,08333333333333;31,9950005833333;31,6049971666667;921,7236;5,12250342777778;40,5779833333333;0,500775499166667;0;0;0;0,5;0;0;0;0;0;2,5;0;0;0;0,3;42;34,9999944444444;105,496666666667;0;0;0;9841;0;0;0;0;0;0;0;0;0;-2,00000000000422E-04;0;0;0;0,500775499166667;0;0
12.11.2020 17:44:44;8,16666666666667;31,995;31,3069966666667;935,829933333333;5,11589773571429;40,2284433333333;0,5006255;0;0;0;0,5;0;0;0;0;0;2,5;0;0;0;0,3;42;35,4966722222222;106,496666666667;0;0;0;9841;0;0;0;0;0;0;0;0;0;-2,00000000000422E-04;0;0;0;0,5006255;0;0
12.11.2020 17:49:44;8,25;31,995;31,2508560833333;934,712533333333;5,11272626984127;39,8076066666667;0,5006990025;0;0;0;0,5;0;0;0;0;0;2,5;0;0;0;0,3;42;36,4966666666667;107,496666666667;0;0;0;9841;0;0;0;0;0;0;0;0;0;-2,00000000000422E-04;0;0;0;0,5006990025;0;0
12.11.2020 17:54:44;8,33333333333333;31,995;31,49999725;937,592966666667;5,1383659869281;39,9470533333333;0,500924499166667;0;0;0;0,5;0;0;0;0;0;2,5;0;0;0;0,3;42;36,9999944444444;108,496666666667;0;0;0;9841;0;0;0;0;0;0;0;0;0;-2,00000000000422E-04;0;0;0;0,500924499166667;0;0
12.11.2020 17:59:44;8,41666666666667;31,995;31,5;944,014166666667;5,12503329084967;39,9559033333333;0,500776496666667;0;0;0;0,5;0;0;0;0;0;2,5;0;0;0;0,3;42;37,4966722222222;109,496666666667;0;0;0;9841;0;0;0;0;0;0;0;0;0;-2,00000000000422E-04;0;0;0;0,500776496666667;0;0
12.11.2020 18:04:44;8,5;31,995;31,4850998333333;904,4204;5,19762612222222;42,9356366666667;0,500848005833333;0;0;0;0,5;0;0;0;0;0;2,5;0;0;0;0,3;42;37,9999944444444;110,496666666667;0;0;0;9841;0;0;0;0;0;0;0;0;0;-2,00000000000422E-04;0;0;0;0,500848005833333;0;0
12.11.2020 18:09:44;8,58333333333333;31,9502995;31,6860525833333;862,459866666667;5,35741284561403;42,1493033333333;0,501000995;0;0;0;0,5;0;0;0;0;0;2,5;0;0;0;0,3;42;38;111,496666666667;0;0;0;9841;0;0;0;0;0;0;0;0;0;-2,00000000000422E-04;0;0;0;0,501000995;0;0
12.11.2020 18:14:44;8,66666666666667;31,9050005;31,7559959166667;826,42165;5,359363791423;53,89034;0,500775500833333;0;0;0;0,5;0;0;0;0;0;2,5;0;0;0;0,3;42;38;112,496666666667;0;0;0;9841;0;0;0;0;0;0;0;0;0;-2,00000000000422E-04;0;0;0;0,500775500833333;0;0
12.11.2020 18:19:44;8,75;31,9497005;31,6050016666667;800,00015;5,18432536296296;84,5805970833333;0,500700000833333;0;0;0;0,5;0;0;0;0;0;2,5;0;0;0;0,3;42;38,4966722222222;113,496666666667;0;0;0;9841;0;0;0;0;0;0;0;0;0;-2,00000000000422E-04;0;0;0;0,500700000833333;0;0
12.11.2020 18:24:44;8,83333333333333;31,9949995;31,6497005;800;5,17607676666667;94,4585979166667;0,5007;0;0;0;0,5;0;0;0;0;0;2,5;0;0;0;0,3;42;38,9999944444444;114,496666666667;0;0;0;9841;0;0;0;0;0;0;0;0;0;-2,00000000000422E-04;0;0;0;0,5007;0;0
12.11.2020 18:29:44;8,91666666666667;31,995;31,7993006666667;800;5,1739605;99,7097893333333;0,500625499166667;0;0;0;0,5;0;0;0;0;0;2,5;0;0;0;0,3;42;39;115,496666666667;0;0;0;9841;0;0;0;0;0;0;0;0;0;-2,00000000000422E-04;0;0;0;0,500625499166667;0;0
12.11.2020 18:34:44;9;31,995;31,8006976666667;800;5,1729462248062;101,412685666667;0,500624501666667;0;0;0;0,5;0;0;0;0;0;2,5;0;0;0;0,3;42;39;116,496666666667;0;0;0;9841;0;0;0;0;0;0;0;0;0;-2,00000000000422E-04;0;0;0;0,500624501666667;0;0
12.11.2020 18:39:44;9,08333333333333;31,9502995;31,7993023333333;800;5,1695825876938;100,822118787879;0,5007745;0;0;0;0,5;0;0;0;0;0;2,5;0;0;0;0,3;42;39;117,496666666667;0;0;0;9841;0;0;0;0;0;0;0;0;0;-2,00000000000422E-04;0;0;0;0,5007745;0;0
12.11.2020 18:44:44;9,16666666666667;31,949701;31,8006976666667;800;5,20246258194445;99,5396981818182;0,500849999166667;0;0;0;0,5;0;0;0;0;0;2,5;0;0;0;0,3;42;39,4966722222222;118,496666666667;0;0;0;9841;0;0;0;0;0;0;0;0;0;-2,00000000000422E-04;0;0;0;0,500849999166667;0;0
12.11.2020 18:49:44;9,25;31,9949995;31,74715175;800;5,19806649444444;98,7227304969697;0,50085;0;0;0;0,5;0;0;0;0;0;2,5;0;0;0;0,3;42;39,9999944444444;119,993338888889;0;0;0;9841;0;0;0;0;0;0;0;0;0;-2,00000000000422E-04;0;0;0;0,50085;0;0
12.11.2020 18:54:44;9,33333333333333;31,995;31,7478488333333;800;5,18154337222222;99,2229589101449;0,50085;0;0;0;0,5;0;0;0;0;0;2,5;0;0;0;0,3;42;40;121,496661111111;0;0;0;9841;0;0;0;0;0;0;0;0;0;-2,00000000000422E-04;0;0;0;0,50085;0;0
12.11.2020 18:59:44;9,41666666666667;31,995;31,6950005833333;800;5,17003335;99,3637169565217;0,500999001666667;0;0;0;0,5;0;0;0;0;0;2,5;0;0;0;0,3;42;40;122,496666666667;0;0;0;9841;0;0;0;0;0;0;0;0;0;-2,00000000000422E-04;0;0;0;0,500999001666667;0;0
12.11.2020 19:04:44;9,5;31,995;31,695;800;5,18039689444444;98,3237266666667;0,501149998333333;0;0;0;0,5;0;0;0;0;0;2,5;0;0;0;0,3;42;40,4966722222222;123,496666666667;0;0;0;9841;0;0;0;0;0;0;0;0;0;-2,00000000000422E-04;0;0;0;0,501149998333333;0;0
12.11.2020 19:09:44;9,58333333333333;31,995;31,7993011666667;800;5,16123277222222;100,00196047619;0,5009264975;0;0;0;0,5;0;0;0;0;0;2,5;0;0;0;0,3;42;40,9999944444444;124,496666666667;0;0;0;9841;0;0;0;0;0;0;0;0;0;-2,00000000000422E-04;0;0;0;0,5009264975;0;0
12.11.2020 19:14:44;9,66666666666667;31,995;31,85284825;800;5,16849045555556;97,0498845238095;0,5007000025;0;0;0;0,5;0;0;0;0;0;2,5;0;0;0;0,3;42;41;125,496666666667;0;0;0;9841;0;0;0;0;0;0;0;0;0;-2,00000000000422E-04;0;0;0;0,5007000025;0;0
12.11.2020 19:19:44;9,75;31,995;31,8000005833333;800;5,17848457333333;97,5113442857143;0,500774500833333;0;0;0;0,5;0;0;0;0;0;2,5;0;0;0;0,3;42;41;126,496666666667;0;0;0;9841;0;0;0;0;0;0;0;0;0;-2,00000000000422E-04;0;0;0;0,500774500833333;0;0
12.11.2020 19:24:44;9,83333333333333;31,995;31,8;800;5,12504029333333;97,366034047619;0,500626496666667;0;0;0;0,5;0;0;0;0;0;2,5;0;0;0;0,3;42;41,4966722222222;127,496666666667;0;0;0;9841;0;0;0;0;0;0;0;0;0;-2,00000000000422E-04;0;0;0;0,500626496666667;0;0
12.11.2020 19:29:44;9,91666666666667;31,995;31,8;800;5,15545321196581;97,58471;0,500474503333333;0;0;0;0,5;0;0;0;0;0;2,5;0;0;0;0,3;42;41,9999944444444;128,496666666667;0;0;0;9841;0;0;0;0;0;0;0;0;0;-2,00000000000422E-04;0;0;0;0,500474503333333;0;0
12.11.2020 19:34:44;10;31,995;31,8;800;5,1379017948718;97,2293033333333;0,500549999166667;0;0;0;0,5;0;0;0;0;0;2,5;0;0;0;0,3;42;42;129,496666666667;0;0;0;9841;0;0;0;0;0;0;0;0;0;-2,00000000000422E-04;0;0;0;0,500549999166667;0;0
12.11.2020 19:39:44;10,0833333333333;31,995;31,8;800;5,15785139316239;98,3236766666667;0,500699001666667;0;0;0;0,5;0;0;0;0;0;2,5;0;0;0;0,3;42;42;130,496666666667;0;0;0;9841;0;0;0;0;0;0;0;0;0;-2,00000000000422E-04;0;0;0;0,500699001666667;0;0
12.11.2020 19:44:44;10,1666666666667;31,995;31,8;800;5,16506016666667;97,6271165;0,500626495833333;0;0;0;0,5;0;0;0;0;0;2,5;0;0;0;0,3;42;42;131,496666666667;0;0;0;9841;0;0;0;0;0;0;0;0;0;-2,00000000000422E-04;0;0;0;0,500626495833333;0;0
12.11.2020 19:49:44;10,25;31,995;31,7478494166667;800;5,1833405;99,1961535;0,500474503333333;0;0;0;0,5;0;0;0;0;0;2,5;0;0;0;0,3;42;42,4966722222222;132,496666666667;0;0;0;9841;0;0;0;0;0;0;0;0;0;-2,00000000000422E-04;0;0;0;0,500474503333333;0;0
12.11.2020 19:54:44;10,3333333333333;31,995;31,7471511666667;800;5,17122096666667;99,6818933333333;0,500475498333333;0;0;0;0,5;0;0;0;0;0;2,5;0;0;0;0,3;42;42,9999944444444;133,496666666667;0;0;0;9841;0;0;0;0;0;0;0;0;0;-2,00000000000422E-04;0;0;0;0,500475498333333;0;0
12.11.2020 19:59:44;10,4166666666667;31,995;31,7999994166667;800;5,16084728888889;100,48435;0,500623503333333;0;0;0;0,5;0;0;0;0;0;2,5;0;0;0;0,3;42;43;134,496666666667;0;0;0;9841;0;0;0;0;0;0;0;0;0;-2,00000000000422E-04;0;0;0;0,500623503333333;0;0
12.11.2020 20:04:44;10,5;31,995;31,8;800;5,17356962777778;102,292694404762;0,500626495;0;0;0;0,5;0;0;0;0;0;2,5;0;0;0;0,3;42;43;135,496666666667;0;0;0;9841;0;0;0;0;0;0;0;0;0;-2,00000000000422E-04;0;0;0;0,500626495;0;0
12.11.2020 20:09:44;10,5833333333333;31,995;31,8;800;5,14511991666667;102,064078928571;0,500474503333333;0;0;0;0,5;0;0;0;0;0;2,5;0;0;0;0,3;42;43;136,496666666667;0;0;0;9841;0;0;0;0;0;0;0;0;0;-2,00000000000422E-04;0;0;0;0,500474503333333;0;0
12.11.2020 20:14:44;10,6666666666667;31,995;31,7850998333333;800;5,18448087741935;102,76429;0,500549999166667;0;0;0;0,5;0;0;0;0;0;2,5;0;0;0;0,3;42;43;137,496666666667;0;0;0;9841;0;0;0;0;0;0;0;0;0;-2,00000000000422E-04;0;0;0;0,500549999166667;0;0
12.11.2020 20:19:44;10,75;31,995;31,7849003333333;800;5,17976804480287;103,145969803922;0,500624500833333;0;0;0;0,5;0;0;0;0;0;2,5;0;0;0;0,3;42;43,4966722222222;138,496666666667;0;0;0;9841;0;0;0;0;0;0;0;0;0;-2,00000000000422E-04;0;0;0;0,500624500833333;0;0
12.11.2020 20:24:44;10,8333333333333;31,995;31,7999998333333;800;5,21946966111111;103,654424862745;0,500699999166667;0;0;0;0,5;0;0;0;0;0;2,5;0;0;0;0,3;42;43,9999944444444;139,993338888889;0;0;0;9841;0;0;0;0;0;0;0;0;0;-2,00000000000422E-04;0;0;0;0,500699999166667;0;0
12.11.2020 20:29:44;10,9166666666667;31,995;31,8;800;5,17976640833333;104,182066761905;0,500774500833333;0;0;0;0,5;0;0;0;0;0;2,5;0;0;0;0,3;42;44;141,496661111111;0;0;0;9841;0;0;0;0;0;0;0;0;0;-2,00000000000422E-04;0;0;0;0,500774500833333;0;0
12.11.2020 20:34:44;11;31,995;31,8;800;5,168121675;104,139284981685;0,500551995833333;0;0;0;0,5;0;0;0;0;0;2,5;0;0;0;0,3;42;44;142,496666666667;0;0;0;9841;0;0;0;0;0;0;0;0;0;-2,00000000000422E-04;0;0;0;0,500551995833333;0;0
12.11.2020 20:39:44;11,0833333333333;31,995;31,8;800;5,17143713650794;105,344973589744;0,500473505833333;0;0;0;0,5;0;0;0;0;0;2,5;0;0;0;0,3;42;44;143,496666666667;0;0;0;9841;0;0;0;0;0;0;0;0;0;-2,00000000000422E-04;0;0;0;0,500473505833333;0;0
12.11.2020 20:44:44;11,1666666666667;31,995;31,8;800;5,17060455793651;105,924763333333;0,5006999975;0;0;0;0,5;0;0;0;0;0;2,5;0;0;0;0,3;42;44;144,496666666667;0;0;0;9841;0;0;0;0;0;0;0;0;0;-2,00000000000422E-04;0;0;0;0,5006999975;0;0
12.11.2020 20:49:44;11,25;31,995;31,8;800;5,20740198703704;105,4351;0,5009235025;0;0;0;0,5;0;0;0;0;0;2,5;0;0;0;0,3;42;44;145,496666666667;0;0;0;9841;0;0;0;0;0;0;0;0;0;-2,00000000000422E-04;0;0;0;0,5009235025;0;0
12.11.2020 20:54:44;11,3333333333333;31,995;31,8;800;5,18502814074074;106,81199;0,5011499975;0;0;0;0,5;0;0;0;0;0;2,5;0;0;0;0,3;42;44,4966722222222;146,496666666667;0;0;0;9841;0;0;0;0;0;0;0;0;0;-2,00000000000422E-04;0;0;0;0,5011499975;0;0
12.11.2020 20:59:44;11,4166666666667;31,995;31,8;800;5,18447675;105,720716666667;0,50115;0;0;0;0,5;0;0;0;0;0;2,5;0;0;0;0,3;42;44,9999944444444;147,496666666667;0;0;0;9841;0;0;0;0;0;0;0;0;0;-2,00000000000422E-04;0;0;0;0,50115;0;0
12.11.2020 21:04:44;11,5;31,995;31,8;800;5,18700661666667;107,072798333333;0,501075499166667;0;0;0;0,5;0;0;0;0;0;2,5;0;0;0;0,3;42;45;148,496666666667;0;0;0;9841;0;0;0;0;0;0;0;0;0;-2,00000000000422E-04;0;0;0;0,501075499166667;0;0
12.11.2020 21:09:44;11,5833333333333;31,995;31,8;800;5,20686024444444;106,858385;0,5011490025;0;0;0;0,5;0;0;0;0;0;2,5;0;0;0;0,3;42;45;149,496666666667;0;0;0;9841;0;0;0;0;0;0;0;0;0;-2,00000000000422E-04;0;0;0;0,5011490025;0;0
12.11.2020 21:14:44;11,6666666666667;31,995;31,8;800;5,15982054444444;107,197356666667;0,500927494166667;0;0;0;0,5;0;0;0;0;0;2,5;0;0;0;0,3;42;45;150,496666666667;0;0;0;9841;0;0;0;0;0;0;0;0;0;-2,00000000000422E-04;0;0;0;0,500927494166667;0;0
12.11.2020 21:19:44;11,75;31,995;31,8;800;5,17281037222222;107,222768;0,500475503333333;0;0;0;0,5;0;0;0;0;0;2,5;0;0;0;0,3;42;45;151,496666666667;0;0;0;9841;0;0;0;0;0;0;0;0;0;-2,00000000000422E-04;0;0;0;0,500475503333333;0;0
12.11.2020 21:24:44;11,8333333333333;31,995;31,8;800;5,18680380698925;108,319478666667;0,500400000833333;0;0;0;0,5;0;0;0;0;0;2,5;0;0;0;0,3;42;45;152,496666666667;0;0;0;9841;0;0;0;0;0;0;0;0;0;-2,00000000000422E-04;0;0;0;0,500400000833333;0;0
12.11.2020 21:29:44;11,9166666666667;31,995;31,8;800;5,15801335412186;107,591764166667;0,5006235025;0;0;0;0,5;0;0;0;0;0;2,5;0;0;0;0,3;42;45,4966722222222;153,496666666667;0;0;0;9841;0;0;0;0;0;0;0;0;0;-2,00000000000422E-04;0;0;0;0,5006235025;0;0
12.11.2020 21:34:44;12;31,995;31,8;800;5,19219213333333;108,236483833333;0,500700995833333;0;0;0;0,5;0;0;0;0;0;2,5;0;0;0;0,3;42;45,9999944444444;154,496666666667;0;0;0;9841;0;0;0;0;0;0;0;0;0;-2,00000000000422E-04;0;0;0;0,500700995833333;0;0
12.11.2020 21:39:44;12,0833333333333;31,995;31,8;800;5,18798624444444;107,962963666667;0,5006245025;0;0;0;0,5;0;0;0;0;0;2,5;0;0;0;0,3;42;46;155,496666666667;0;0;0;9841;0;0;0;0;0;0;0;0;0;-2,00000000000422E-04;0;0;0;0,5006245025;0;0
12.11.2020 21:44:44;12,1666666666667;31,995;31,8;800;5,19993342222222;108,469167;0,5007745;0;0;0;0,5;0;0;0;0;0;2,5;0;0;0;0,3;42;46;156,496666666667;0;0;0;9841;0;0;0;0;0;0;0;0;0;-2,00000000000422E-04;0;0;0;0,5007745;0;0
12.11.2020 21:49:44;12,25;31,995;31,8;800;5,17026611111111;107,917418;0,500999000833333;0;0;0;0,5;0;0;0;0;0;2,5;0;0;0;0,3;42;46;157,496666666667;0;0;0;9841;0;0;0;0;0;0;0;0;0;-2,00000000000422E-04;0;0;0;0,500999000833333;0;0
12.11.2020 21:54:44;12,3333333333333;31,995;31,8;800;5,16533048015873;108,8875525;0,500926495833333;0;0;0;0,5;0;0;0;0;0;2,5;0;0;0;0,3;42;46;158,496666666667;0;0;0;9841;0;0;0;0;0;0;0;0;0;-2,00000000000422E-04;0;0;0;0,500926495833333;0;0
12.11.2020 21:59:44;12,4166666666667;31,995;31,8;800;5,14149663650794;108,810512045455;0,5007000025;0;0;0;0,5;0;0;0;0;0;2,5;0;0;0;0,3;42;46;159,993338888889;0;0;0;9841;0;0;0;0;0;0;0;0;0;-2,00000000000422E-04;0;0;0;0,5007000025;0;0
12.11.2020 22:04:44;12,5;31,995;31,8;800;5,14299333888889;109,533588787879;0,500774500833333;0;0;0;0,5;0;0;0;0;0;2,5;0;0;0;0,3;42;46,4966722222222;161,496661111111;0;0;0;9841;0;0;0;0;0;0;0;0;0;-2,00000000000422E-04;0;0;0;0,500774500833333;0;0
12.11.2020 22:09:44;12,5833333333333;31,995;31,8;800;5,19092033737374;108,775311111111;0,500999000833333;0;0;0;0,5;0;0;0;0;0;2,5;0;0;0;0,3;42;46,9999944444444;162,496666666667;0;0;0;9841;0;0;0;0;0;0;0;0;0;-2,00000000000422E-04;0;0;0;0,500999000833333;0;0
12.11.2020 22:14:44;12,6666666666667;31,995;31,8;800;5,1739746959596;109,061245555556;0,500777494166667;0;0;0;0,5;0;0;0;0;0;2,5;0;0;0;0,3;42;47;163,496666666667;0;0;0;9841;0;0;0;0;0;0;0;0;0;-2,00000000000422E-04;0;0;0;0,500777494166667;0;0
12.11.2020 22:19:44;12,75;31,995;31,8;800;5,20333023888889;109,112676666667;0,500623506666667;0;0;0;0,5;0;0;0;0;0;2,5;0;0;0;0,3;42;47;164,496666666667;0;0;0;9841;0;0;0;0;0;0;0;0;0;-2,00000000000422E-04;0;0;0;0,500623506666667;0;0
12.11.2020 22:24:44;12,8333333333333;31,995;31,8;800;5,18358354333333;109,759423703704;0,5008499975;0;0;0;0,5;0;0;0;0;0;2,5;0;0;0;0,3;42;47;165,496666666667;0;0;0;9841;0;0;0;0;0;0;0;0;0;-2,00000000000422E-04;0;0;0;0,5008499975;0;0
12.11.2020 22:29:44;12,9166666666667;31,995;31,8;800;5,13855109;108,551221851852;0,50085;0;0;0;0,5;0;0;0;0;0;2,5;0;0;0;0,3;42;47;166,496666666667;0;0;0;9841;0;0;0;0;0;0;0;0;0;-2,00000000000422E-04;0;0;0;0,50085;0;0
12.11.2020 22:34:44;13;31,995;31,8;800;5,13348344444444;109,305439513889;0,50085;0;0;0;0,5;0;0;0;0;0;2,5;0;0;0;0,3;42;47;167,496666666667;0;0;0;9841;0;0;0;0;0;0;0;0;0;-2,00000000000422E-04;0;0;0;0,50085;0;0
12.11.2020 22:39:44;13,0833333333333;31,995;31,8;800;5,17434546604938;109,281444263889;0,500924500833333;0;0;0;0,5;0;0;0;0;0;2,5;0;0;0;0,3;42;47;168,496666666667;0;0;0;9841;0;0;0;0;0;0;0;0;0;-2,00000000000422E-04;0;0;0;0,500924500833333;0;0
12.11.2020 22:44:44;13,1666666666667;31,995;31,8;800;5,1521675617284;109,908418545455;0,5010745;0;0;0;0,5;0;0;0;0;0;2,5;0;0;0;0,3;42;47,4966722222222;169,496666666667;0;0;0;9841;0;0;0;0;0;0;0;0;0;-2,00000000000422E-04;0;0;0;0,5010745;0;0
12.11.2020 22:49:44;13,25;31,995;31,8;800;5,20035381541219;109,565272121212;0,500777495;0;0;0;0,5;0;0;0;0;0;2,5;0;0;0;0,3;42;47,9999944444444;170,496666666667;0;0;0;9841;0;0;0;0;0;0;0;0;0;-2,00000000000422E-04;0;0;0;0,500777495;0;0
12.11.2020 22:54:44;13,3333333333333;31,995;31,8;800;5,17758964569892;109,821604074074;0,500400004166667;0;0;0;0,5;0;0;0;0;0;2,5;0;0;0;0,3;42;48;171,496666666667;0;0;0;9841;0;0;0;0;0;0;0;0;0;-2,00000000000422E-04;0;0;0;0,500400004166667;0;0
12.11.2020 22:59:44;13,4166666666667;31,995;31,8;800;5,21006601666667;109,585848425926;0,500698003333333;0;0;0;0,5;0;0;0;0;0;2,5;0;0;0;0,3;42;48;172,496666666667;0;0;0;9841;0;0;0;0;0;0;0;0;0;-2,00000000000422E-04;0;0;0;0,500698003333333;0;0
12.11.2020 23:04:44;13,5;31,995;31,8;800;5,17244677777778;109,3888275;0,500850995;0;0;0;0,5;0;0;0;0;0;2,5;0;0;0;0,3;42;48;173,496666666667;0;0;0;9841;0;0;0;0;0;0;0;0;0;-2,00000000000422E-04;0;0;0;0,500850995;0;0
12.11.2020 23:09:44;13,5833333333333;31,995;31,8;800;5,17624527777778;109,726746;0,500625500833333;0;0;0;0,5;0;0;0;0;0;2,5;0;0;0;0,3;42;48;174,496666666667;0;0;0;9841;0;0;0;0;0;0;0;0;0;-2,00000000000422E-04;0;0;0;0,500625500833333;0;0
12.11.2020 23:14:44;13,6666666666667;31,995;31,8;800;5,13900041111111;110,134281555556;0,5006990025;0;0;0;0,5;0;0;0;0;0;2,5;0;0;0;0,3;42;48;175,496666666667;0;0;0;9841;0;0;0;0;0;0;0;0;0;-2,00000000000422E-04;0;0;0;0,5006990025;0;0
12.11.2020 23:19:44;13,75;31,995;31,8;800;5,19251703030303;109,659863277778;0,500924499166667;0;0;0;0,5;0;0;0;0;0;2,5;0;0;0;0,3;42;48,4966722222222;176,496666666667;0;0;0;9841;0;0;0;0;0;0;0;0;0;-2,00000000000422E-04;0;0;0;0,500924499166667;0;0
12.11.2020 23:24:44;13,8333333333333;31,995;31,8;800;5,15997468080808;109,7475675;0,500999999166667;0;0;0;0,5;0;0;0;0;0;2,5;0;0;0;0,3;42;48,9999944444444;177,496666666667;0;0;0;9841;0;0;0;0;0;0;0;0;0;-2,00000000000422E-04;0;0;0;0,500999999166667;0;0
12.11.2020 23:29:44;13,9166666666667;31,995;31,8;800;5,17343672777778;110,169777986111;0,500925499166667;0;0;0;0,5;0;0;0;0;0;2,5;0;0;0;0,3;42;49;178,496666666667;0;0;0;9841;0;0;0;0;0;0;0;0;0;-2,00000000000422E-04;0;0;0;0,500925499166667;0;0
12.11.2020 23:34:44;14;31,995;31,8;800;5,19094665;110,186964347222;0,5009990025;0;0;0;0,5;0;0;0;0;0;2,5;0;0;0;0,3;42;49;179,993338888889;0;0;0;9841;0;0;0;0;0;0;0;0;0;-2,00000000000422E-04;0;0;0;0,5009990025;0;0
12.11.2020 23:39:44;14,0833333333333;31,995;31,8;800;5,18856979444444;110,005992666667;0,501149998333333;0;0;0;0,5;0;0;0;0;0;2,5;0;0;0;0,3;42;49;181,496661111111;0;0;0;9841;0;0;0;0;0;0;0;0;0;-2,00000000000422E-04;0;0;0;0,501149998333333;0;0
12.11.2020 23:44:44;14,1666666666667;31,995;31,8;800;5,1854502;109,90837;0,50115;0;0;0;0,5;0;0;0;0;0;2,5;0;0;0;0,3;42;49;182,496666666667;0;0;0;9841;0;0;0;0;0;0;0;0;0;-2,00000000000422E-04;0;0;0;0,50115;0;0
12.11.2020 23:49:44;14,25;31,995;31,8;800;5,16021955;110,248346666667;0,501075499166667;0;0;0;0,5;0;0;0;0;0;2,5;0;0;0;0,3;42;49;183,496666666667;0;0;0;9841;0;0;0;0;0;0;0;0;0;-2,00000000000422E-04;0;0;0;0,501075499166667;0;0
12.11.2020 23:54:44;14,3333333333333;31,995;31,8;800;5,14617126410256;110,804697222222;0,500776498333333;0;0;0;0,5;0;0;0;0;0;2,5;0;0;0;0,3;42;49,4966722222222;184,496666666667;0;0;0;9841;0;0;0;0;0;0;0;0;0;-2,00000000000422E-04;0;0;0;0,500776498333333;0;0
12.11.2020 23:59:44;14,4166666666667;31,995;31,8;800;5,1970407025641;110,094052592593;0,5005500025;0;0;0;0,5;0;0;0;0;0;2,5;0;0;0;0,3;42;49,9999944444444;185,496666666667;0;0;0;9841;0;0;0;0;0;0;0;0;0;-2,00000000000422E-04;0;0;0;0,5005500025;0;0
13.11.2020 00:04:44;14,5;31,995;31,8;800;5,20689357777778;110,419611296296;0,500699001666667;0;0;0;0,5;0;0;0;0;0;2,5;0;0;0;0,3;42;50;186,496666666667;0;0;0;9841;0;0;0;0;0;0;0;0;0;-2,00000000000422E-04;0;0;0;0,500699001666667;0;0
13.11.2020 00:09:44;14,5833333333333;31,995;31,8;800;5,22498651111111;111,099486388889;0,500849998333333;0;0;0;0,5;0;0;0;0;0;2,5;0;0;0;0,3;42;50;187,496666666667;0;0;0;9841;0;0;0;0;0;0;0;0;0;-2,00000000000422E-04;0;0;0;0,500849998333333;0;0
13.11.2020 00:14:44;14,6666666666667;31,995;31,8;800;5,18445731111111;110,593275833333;0,50085;0;0;0;0,5;0;0;0;0;0;2,5;0;0;0;0,3;42;50;188,496666666667;0;0;0;9841;0;0;0;0;0;0;0;0;0;-2,00000000000422E-04;0;0;0;0,50085;0;0
13.11.2020 00:19:44;14,75;31,995;31,8;800;5,17583057407407;110,414873333333;0,500775499166667;0;0;0;0,5;0;0;0;0;0;2,5;0;0;0;0,3;42;50;189,496666666667;0;0;0;9841;0;0;0;0;0;0;0;0;0;-2,00000000000422E-04;0;0;0;0,500775499166667;0;0
13.11.2020 00:24:44;14,8333333333333;31,995;31,8;800;5,15572867592592;110,297135172414;0,500774501666667;0;0;0;0,5;0;0;0;0;0;2,5;0;0;0;0,3;42;50,4966722222222;190,496666666667;0;0;0;9841;0;0;0;0;0;0;0;0;0;-2,00000000000422E-04;0;0;0;0,500774501666667;0;0
13.11.2020 00:29:44;14,9166666666667;31,995;31,8;800;5,167898625;110,14571616092;0,5009245;0;0;0;0,5;0;0;0;0;0;2,5;0;0;0;0,3;42;50,9999944444444;191,496666666667;0;0;0;9841;0;0;0;0;0;0;0;0;0;-2,00000000000422E-04;0;0;0;0,5009245;0;0
13.11.2020 00:34:44;15;31,995;31,8;800;5,14205303611111;111,147839797619;0,500999999166667;0;0;0;0,5;0;0;0;0;0;2,5;0;0;0;0,3;42;51;192,496666666667;0;0;0;9841;0;0;0;0;0;0;0;0;0;-2,00000000000422E-04;0;0;0;0,500999999166667;0;0
13.11.2020 00:39:44;15,0833333333333;31,995;31,8;800;5,19153026130268;111,499893869048;0,500925499166667;0;0;0;0,5;0;0;0;0;0;2,5;0;0;0;0,3;42;51;193,496666666667;0;0;0;9841;0;0;0;0;0;0;0;0;0;-2,00000000000422E-04;0;0;0;0,500925499166667;0;0
13.11.2020 00:44:44;15,1666666666667;31,995;31,8;800;5,17105972758621;110,87154547619;0,5007755;0;0;0;0,5;0;0;0;0;0;2,5;0;0;0;0,3;42;51;194,496666666667;0;0;0;9841;0;0;0;0;0;0;0;0;0;-2,00000000000422E-04;0;0;0;0,5007755;0;0
13.11.2020 00:49:44;15,25;31,995;31,8;800;5,16249677222222;110,297081417749;0,5008490025;0;0;0;0,5;0;0;0;0;0;2,5;0;0;0;0,3;42;51;195,496666666667;0;0;0;9841;0;0;0;0;0;0;0;0;0;-2,00000000000422E-04;0;0;0;0,5008490025;0;0
13.11.2020 00:54:44;15,3333333333333;31,995;31,8;800;5,17705560555556;111,119831439394;0,501074499166667;0;0;0;0,5;0;0;0;0;0;2,5;0;0;0;0,3;42;51;196,496666666667;0;0;0;9841;0;0;0;0;0;0;0;0;0;-2,00000000000422E-04;0;0;0;0,501074499166667;0;0
13.11.2020 00:59:44;15,4166666666667;31,995;31,8;800;5,1722125609319;110,564873939394;0,501149999166667;0;0;0;0,5;0;0;0;0;0;2,5;0;0;0;0,3;42;51;197,496666666667;0;0;0;9841;0;0;0;0;0;0;0;0;0;-2,00000000000422E-04;0;0;0;0,501149999166667;0;0
13.11.2020 01:04:44;15,5;31,995;31,8;800;5,17725057795699;110,834941536797;0,5009264975;0;0;0;0,5;0;0;0;0;0;2,5;0;0;0;0,3;42;51,4966722222222;198,496666666667;0;0;0;9841;0;0;0;0;0;0;0;0;0;-2,00000000000422E-04;0;0;0;0,5009264975;0;0
13.11.2020 01:09:44;15,5833333333333;31,995;31,8;800;5,19811272777778;111,324861446886;0,500774503333333;0;0;0;0,5;0;0;0;0;0;2,5;0;0;0;0,3;42;51,9999944444444;199,993338888889;0;0;0;9841;0;0;0;0;0;0;0;0;0;-2,00000000000422E-04;0;0;0;0,500774503333333;0;0
13.11.2020 01:14:44;15,6666666666667;31,995;31,8;800;5,18696025555556;111,34153474359;0,500775498333333;0;0;0;0,5;0;0;0;0;0;2,5;0;0;0;0,3;42;52;201,496661111111;0;0;0;9841;0;0;0;0;0;0;0;0;0;-2,00000000000422E-04;0;0;0;0,500775498333333;0;0
13.11.2020 01:19:44;15,75;31,995;31,8;800;5,16766965;111,431794083333;0,500774501666667;0;0;0;0,5;0;0;0;0;0;2,5;0;0;0;0,3;42;52;202,496666666667;0;0;0;9841;0;0;0;0;0;0;0;0;0;-2,00000000000422E-04;0;0;0;0,500774501666667;0;0
13.11.2020 01:24:44;15,8333333333333;31,995;31,8;800;5,14908257962963;111,863610916667;0,5007009975;0;0;0;0,5;0;0;0;0;0;2,5;0;0;0;0,3;42;52;203,496666666667;0;0;0;9841;0;0;0;0;0;0;0;0;0;-2,00000000000422E-04;0;0;0;0,5007009975;0;0
13.11.2020 01:29:44;15,9166666666667;31,995;31,8521505833333;800;5,21256426481481;112,00966469697;0,5006245025;0;0;0;0,5;0;0;0;0;0;2,5;0;0;0;0,3;42;52;204,496666666667;0;0;0;9841;0;0;0;0;0;0;0;0;0;-2,00000000000422E-04;0;0;0;0,5006245025;0;0
13.11.2020 01:34:44;16;31,995;31,8528488333333;800;5,19704003888889;111,827546328671;0,500923501666667;0;0;0;0,5;0;0;0;0;0;2,5;0;0;0;0,3;42;52,4966722222222;205,496666666667;0;0;0;9841;0;0;0;0;0;0;0;0;0;-2,00000000000422E-04;0;0;0;0,500923501666667;0;0
13.11.2020 01:39:44;16,0833333333333;31,995;31,8000005833333;800;5,16020638888889;112,137402307692;0,500777493333333;0;0;0;0,5;0;0;0;0;0;2,5;0;0;0;0,3;42;52,9999944444444;206,496666666667;0;0;0;9841;0;0;0;0;0;0;0;0;0;-2,00000000000422E-04;0;0;0;0,500777493333333;0;0
13.11.2020 01:44:44;16,1666666666667;31,995;31,8;800;5,15923518315412;112,002635980392;0,500549005833333;0;0;0;0,5;0;0;0;0;0;2,5;0;0;0;0,3;42;53;207,496666666667;0;0;0;9841;0;0;0;0;0;0;0;0;0;-2,00000000000422E-04;0;0;0;0,500549005833333;0;0
13.11.2020 01:49:44;16,25;31,995;31,8;800;5,16114436129032;112,662417352941;0,500699998333333;0;0;0;0,5;0;0;0;0;0;2,5;0;0;0;0,3;42;53;208,496666666667;0;0;0;9841;0;0;0;0;0;0;0;0;0;-2,00000000000422E-04;0;0;0;0,500699998333333;0;0
13.11.2020 01:54:44;16,3333333333333;31,995;31,8;800;5,16216396161616;112,843920333333;0,5007;0;0;0;0,5;0;0;0;0;0;2,5;0;0;0;0,3;42;53;209,496666666667;0;0;0;9841;0;0;0;0;0;0;0;0;0;-2,00000000000422E-04;0;0;0;0,5007;0;0
13.11.2020 01:59:44;16,4166666666667;31,995;31,8;800;5,17598847940948;113,437720083333;0,5009235025;0;0;0;0,5;0;0;0;0;0;2,5;0;0;0;0,3;42;53;210,496666666667;0;0;0;9841;0;0;0;0;0;0;0;0;0;-2,00000000000422E-04;0;0;0;0,5009235025;0;0
13.11.2020 02:04:44;16,5;31,995;31,8;800;5,19009487008547;117,544461583333;0,501075496666667;0;0;0;0,5;0;0;0;0;0;2,5;0;0;0;0,3;42;53,4966722222222;211,496666666667;0;0;0;9841;0;0;0;0;0;0;0;0;0;-2,00000000000422E-04;0;0;0;0,501075496666667;0;0
13.11.2020 02:09:44;16,5833333333333;31,995;31,8;800;5,17451013888889;118,222003;0,5011490025;0;0;0;0,5;0;0;0;0;0;2,5;0;0;0;0,3;42;53,9999944444444;212,496666666667;0;0;0;9841;0;0;0;0;0;0;0;0;0;-2,00000000000422E-04;0;0;0;0,5011490025;0;0
13.11.2020 02:14:44;16,6666666666667;31,995;31,8;800;5,16505326111111;118,693778703704;0,501150996666667;0;0;0;0,5;0;0;0;0;0;2,5;0;0;0;0,3;42;54;213,496666666667;0;0;0;9841;0;0;0;0;0;0;0;0;0;-2,00000000000422E-04;0;0;0;0,501150996666667;0;0
13.11.2020 02:19:44;16,75;31,995;31,8;800;5,17294054343434;118,81194962963;0,501000001666667;0;0;0;0,5;0;0;0;0;0;2,5;0;0;0;0,3;42;54;214,496666666667;0;0;0;9841;0;0;0;0;0;0;0;0;0;-2,00000000000422E-04;0;0;0;0,501000001666667;0;0
13.11.2020 02:24:44;16,8333333333333;31,995;31,8;800;5,16063456299841;119,360466666667;0,500850998333333;0;0;0;0,5;0;0;0;0;0;2,5;0;0;0;0,3;42;54;215,496666666667;0;0;0;9841;0;0;0;0;0;0;0;0;0;-2,00000000000422E-04;0;0;0;0,500850998333333;0;0
13.11.2020 02:29:44;16,9166666666667;31,995;31,8;800;5,15519466023392;119,198153333333;0,5007745025;0;0;0;0,5;0;0;0;0;0;2,5;0;0;0;0,3;42;54;216,496666666667;0;0;0;9841;0;0;0;0;0;0;0;0;0;-2,00000000000422E-04;0;0;0;0,5007745025;0;0
13.11.2020 02:34:44;17;31,995;31,8;800;5,16595247373737;119,112892413793;0,5007009975;0;0;0;0,5;0;0;0;0;0;2,5;0;0;0;0,3;42;54,4966722222222;217,496666666667;0;0;0;9841;0;0;0;0;0;0;0;0;0;-2,00000000000422E-04;0;0;0;0,5007009975;0;0
13.11.2020 02:39:44;17,0833333333333;31,995;31,8;800;5,15409119936204;119,275819808429;0,5006245025;0;0;0;0,5;0;0;0;0;0;2,5;0;0;0;0,3;42;54,9999944444444;218,496666666667;0;0;0;9841;0;0;0;0;0;0;0;0;0;-2,00000000000422E-04;0;0;0;0,5006245025;0;0
13.11.2020 02:44:44;17,1666666666667;31,995;31,8;800;5,15311479356725;119,250969027778;0,5007745;0;0;0;0,5;0;0;0;0;0;2,5;0;0;0;0,3;42;55;219,993338888889;0;0;0;9841;0;0;0;0;0;0;0;0;0;-2,00000000000422E-04;0;0;0;0,5007745;0;0
13.11.2020 02:49:44;17,25;31,995;31,8;800;5,16094039722222;119,323919416667;0,500849999166667;0;0;0;0,5;0;0;0;0;0;2,5;0;0;0;0,3;42;55;221,496661111111;0;0;0;9841;0;0;0;0;0;0;0;0;0;-2,00000000000422E-04;0;0;0;0,500849999166667;0;0
13.11.2020 02:54:44;17,3333333333333;31,995;31,8521505833333;800;5,182528075;119,838696666667;0,500775499166667;0;0;0;0,5;0;0;0;0;0;2,5;0;0;0;0,3;42;55;222,496666666667;0;0;0;9841;0;0;0;0;0;0;0;0;0;-2,00000000000422E-04;0;0;0;0,500775499166667;0;0
13.11.2020 02:59:44;17,4166666666667;31,995;31,9049994166667;800;5,15217309444444;119,612391277778;0,500774501666667;0;0;0;0,5;0;0;0;0;0;2,5;0;0;0;0,3;42;55;223,496666666667;0;0;0;9841;0;0;0;0;0;0;0;0;0;-2,00000000000422E-04;0;0;0;0,500774501666667;0;0
13.11.2020 03:04:44;17,5;32,0099001666667;31,8006988333333;800;5,17876138888889;119,958193055556;0,5011480025;0;0;0;0,5;0;0;0;0;0;2,5;0;0;0;0,3;42;55,4966722222222;224,496666666667;0;0;0;9841;0;0;0;0;0;0;0;0;0;-2,00000000000422E-04;0;0;0;0,5011480025;0;0
13.11.2020 03:09:44;17,5833333333333;32,0100996666667;31,74715175;800;5,17519273333333;119,697735833333;0,5010774925;0;0;0;0,5;0;0;0;0;0;2,5;0;0;0;0,3;42;55,9999944444444;225,496666666667;0;0;0;9841;0;0;0;0;0;0;0;0;0;-2,00000000000422E-04;0;0;0;0,5010774925;0;0
13.11.2020 03:14:44;17,6666666666667;31,9950001666667;31,7999994166667;800;5,19233145;119,8103125;0,500700004166667;0;0;0;0,5;0;0;0;0;0;2,5;0;0;0;0,3;42;56;226,496666666667;0;0;0;9841;0;0;0;0;0;0;0;0;0;-2,00000000000422E-04;0;0;0;0,500700004166667;0;0
13.11.2020 03:19:44;17,75;31,995;31,8;800;5,19097920555556;119,121895238095;0,5007;0;0;0;0,5;0;0;0;0;0;2,5;0;0;0;0,3;42;56;227,496666666667;0;0;0;9841;0;0;0;0;0;0;0;0;0;-2,00000000000422E-04;0;0;0;0,5007;0;0
13.11.2020 03:24:44;17,8333333333333;31,995;31,8;800;5,18123844444445;119,866608835979;0,500625499166667;0;0;0;0,5;0;0;0;0;0;2,5;0;0;0;0,3;42;56;228,496666666667;0;0;0;9841;0;0;0;0;0;0;0;0;0;-2,00000000000422E-04;0;0;0;0,500625499166667;0;0
13.11.2020 03:29:44;17,9166666666667;31,995;31,8;800;5,1692600547619;119,47589989418;0,5004755;0;0;0;0,5;0;0;0;0;0;2,5;0;0;0;0,3;42;56,4966722222222;229,496666666667;0;0;0;9841;0;0;0;0;0;0;0;0;0;-2,00000000000422E-04;0;0;0;0,5004755;0;0
13.11.2020 03:34:44;18;31,995;31,8;800;5,1607672989418;120,04733013431;0,500623503333333;0;0;0;0,5;0;0;0;0;0;2,5;0;0;0;0,3;42;56,9999944444444;230,496666666667;0;0;0;9841;0;0;0;0;0;0;0;0;0;-2,00000000000422E-04;0;0;0;0,500623503333333;0;0
13.11.2020 03:39:44;18,0833333333333;31,995;31,8;800;5,14511285740741;119,542361730769;0,500700995833333;0;0;0;0,5;0;0;0;0;0;2,5;0;0;0;0,3;42;57;231,496666666667;0;0;0;9841;0;0;0;0;0;0;0;0;0;-2,00000000000422E-04;0;0;0;0,500700995833333;0;0
13.11.2020 03:44:44;18,1666666666667;31,995;31,8;800;5,17176982698413;119,210033863636;0,500773504166667;0;0;0;0,5;0;0;0;0;0;2,5;0;0;0;0,3;42;57;232,496666666667;0;0;0;9841;0;0;0;0;0;0;0;0;0;-2,00000000000422E-04;0;0;0;0,500773504166667;0;0
13.11.2020 03:49:44;18,25;31,995;31,8;800;5,19087006190476;118,985495858586;0,501074498333333;0;0;0;0,5;0;0;0;0;0;2,5;0;0;0;0,3;42;57;233,496666666667;0;0;0;9841;0;0;0;0;0;0;0;0;0;-2,00000000000422E-04;0;0;0;0,501074498333333;0;0
13.11.2020 03:54:44;18,3333333333333;31,995;31,8;800;5,16965837222222;119,594502091503;0,5010009975;0;0;0;0,5;0;0;0;0;0;2,5;0;0;0;0,3;42;57;234,496666666667;0;0;0;9841;0;0;0;0;0;0;0;0;0;-2,00000000000422E-04;0;0;0;0,5010009975;0;0
13.11.2020 03:59:44;18,4166666666667;31,995;31,8;800;5,16750067777778;119,365346519608;0,5009245025;0;0;0;0,5;0;0;0;0;0;2,5;0;0;0;0,3;42;57;235,496666666667;0;0;0;9841;0;0;0;0;0;0;0;0;0;-2,00000000000422E-04;0;0;0;0,5009245025;0;0
13.11.2020 04:04:44;18,5;31,995;31,8;800;5,15839808888889;118,864419166667;0,5008509975;0;0;0;0,5;0;0;0;0;0;2,5;0;0;0;0,3;42;57,4966722222222;236,496666666667;0;0;0;9841;0;0;0;0;0;0;0;0;0;-2,00000000000422E-04;0;0;0;0,5008509975;0;0
13.11.2020 04:09:44;18,5833333333333;31,995;31,7478494166667;800;5,17648318888889;119,68435;0,500923504166667;0;0;0;0,5;0;0;0;0;0;2,5;0;0;0;0,3;42;57,9999944444444;237,496666666667;0;0;0;9841;0;0;0;0;0;0;0;0;0;-2,00000000000422E-04;0;0;0;0,500923504166667;0;0
13.11.2020 04:14:44;18,6666666666667;31,995;31,7471511666667;800;5,21873375;119,384633333333;0,501000995833333;0;0;0;0,5;0;0;0;0;0;2,5;0;0;0;0,3;42;58;238,993338888889;0;0;0;9841;0;0;0;0;0;0;0;0;0;-2,00000000000422E-04;0;0;0;0,501000995833333;0;0
13.11.2020 04:19:44;18,75;31,995;31,7999994166667;800;5,17095103703704;118,84324;0,500850001666667;0;0;0;0,5;0;0;0;0;0;2,5;0;0;0;0,3;42;58;240,496661111111;0;0;0;9841;0;0;0;0;0;0;0;0;0;-2,00000000000422E-04;0;0;0;0,500850001666667;0;0
13.11.2020 04:24:44;18,8333333333333;31,995;31,8;800;5,15735709074074;118,456418222222;0,50085;0;0;0;0,5;0;0;0;0;0;2,5;0;0;0;0,3;42;58;241,496666666667;0;0;0;9841;0;0;0;0;0;0;0;0;0;-2,00000000000422E-04;0;0;0;0,50085;0;0
13.11.2020 04:29:44;18,9166666666667;31,995;31,8;800;5,15168278888889;119,124735111111;0,500924500833333;0;0;0;0,5;0;0;0;0;0;2,5;0;0;0;0,3;42;58,4966722222222;242,496666666667;0;0;0;9841;0;0;0;0;0;0;0;0;0;-2,00000000000422E-04;0;0;0;0,500924500833333;0;0
13.11.2020 04:34:44;19;31,995;31,8;800;5,17080560185185;118,953662;0,500999999166667;0;0;0;0,5;0;0;0;0;0;2,5;0;0;0;0,3;42;58,9999944444445;243,496666666667;0;0;0;9841;0;0;0;0;0;0;0;0;0;-2,00000000000422E-04;0;0;0;0,500999999166667;0;0
13.11.2020 04:39:44;19,0833333333333;31,995;31,8;800;5,17270103148148;118,755701333333;0,500925499166667;0;0;0;0,5;0;0;0;0;0;2,5;0;0;0;0,3;42;59;244,496666666667;0;0;0;9841;0;0;0;0;0;0;0;0;0;-2,00000000000422E-04;0;0;0;0,500925499166667;0;0
13.11.2020 04:44:44;19,1666666666667;31,995;31,8;800;5,1812529625448;118,658323589744;0,500700999166667;0;0;0;0,5;0;0;0;0;0;2,5;0;0;0;0,3;42;59;245,496666666667;0;0;0;9841;0;0;0;0;0;0;0;0;0;-2,00000000000422E-04;0;0;0;0,500700999166667;0;0
13.11.2020 04:49:44;19,25;31,995;31,8;800;5,16652534604106;118,08139974359;0,500699003333333;0;0;0;0,5;0;0;0;0;0;2,5;0;0;0;0,3;42;59;246,496666666667;0;0;0;9841;0;0;0;0;0;0;0;0;0;-2,00000000000422E-04;0;0;0;0,500699003333333;0;0
13.11.2020 04:54:44;19,3333333333333;31,995;31,8;800;5,18416176363636;118,495951111111;0,5007754975;0;0;0;0,5;0;0;0;0;0;2,5;0;0;0;0,3;42;59;247,496666666667;0;0;0;9841;0;0;0;0;0;0;0;0;0;-2,00000000000422E-04;0;0;0;0,5007754975;0;0
13.11.2020 04:59:44;19,4166666666667;31,995;31,8;800;5,19762893333333;118,268699365079;0,500923503333333;0;0;0;0,5;0;0;0;0;0;2,5;0;0;0;0,3;42;59,4966722222222;248,496666666667;0;0;0;9841;0;0;0;0;0;0;0;0;0;-2,00000000000422E-04;0;0;0;0,500923503333333;0;0
13.11.2020 05:04:44;19,5;31,995;31,8;800;5,14288818888889;117,569572190476;0,501000995833333;0;0;0;0,5;0;0;0;0;0;2,5;0;0;0;0,3;42;59,9999944444444;249,496666666667;0;0;0;9841;0;0;0;0;0;0;0;0;0;-2,00000000000422E-04;0;0;0;0,501000995833333;0;0
13.11.2020 05:09:44;19,5833333333333;31,995;31,8;800;5,17489997777778;116,221750666667;0,500775500833333;0;0;0;0,5;0;0;0;0;0;2,5;0;0;0;0,3;42;60;250,496666666667;0;0;0;9841;0;0;0;0;0;0;0;0;0;-2,00000000000422E-04;0;0;0;0,500775500833333;0;0
13.11.2020 05:14:44;19,6666666666667;31,995;31,8;800;5,17609301111111;116,29655;0,5008490025;0;0;0;0,5;0;0;0;0;0;2,5;0;0;0;0,3;42;60;251,496666666667;0;0;0;9841;0;0;0;0;0;0;0;0;0;-2,00000000000422E-04;0;0;0;0,5008490025;0;0
13.11.2020 05:19:44;19,75;31,995;31,7478494166667;800;5,18547300972222;117,244562;0,500999998333333;0;0;0;0,5;0;0;0;0;0;2,5;0;0;0;0,3;42;60;252,496666666667;0;0;0;9841;0;0;0;0;0;0;0;0;0;-2,00000000000422E-04;0;0;0;0,500999998333333;0;0
13.11.2020 05:24:44;19,8333333333333;31,995;31,7471511666667;800;5,15022383881579;116,912043555556;0,500701996666667;0;0;0;0,5;0;0;0;0;0;2,5;0;0;0;0,3;42;60,4966722222222;253,496666666667;0;0;0;9841;0;0;0;0;0;0;0;0;0;-2,00000000000422E-04;0;0;0;0,500701996666667;0;0
13.11.2020 05:29:44;19,9166666666667;31,995;31,7999994166667;800;5,16082516976264;116,368217777778;0,500847008333333;0;0;0;0,5;0;0;0;0;0;2,5;0;0;0;0,3;42;60,9999944444444;254,496666666667;0;0;0;9841;0;0;0;0;0;0;0;0;0;-2,00000000000422E-04;0;0;0;0,500847008333333;0;0
13.11.2020 05:34:44;20;31,995;31,8;800;5,17201266599053;116,413371111111;0,500927490833333;0;0;0;0,5;0;0;0;0;0;2,5;0;0;0;0,3;42;61;255,496666666667;0;0;0;9841;0;0;0;0;0;0;0;0;0;-2,00000000000422E-04;0;0;0;0,500927490833333;0;0
13.11.2020 05:39:44;20,0833333333333;31,995;31,8;800;5,15568886520376;116,789773650794;0,500624505;0;0;0;0,5;0;0;0;0;0;2,5;0;0;0;0,3;42;61;256,496666666667;0;0;0;9841;0;0;0;0;0;0;0;0;0;-2,00000000000422E-04;0;0;0;0,500624505;0;0
13.11.2020 05:44:44;20,1666666666667;31,995;31,7478494166667;800;5,17421056684492;116,400124761905;0,5007745;0;0;0;0,5;0;0;0;0;0;2,5;0;0;0;0,3;42;61;257,496666666667;0;0;0;9841;0;0;0;0;0;0;0;0;0;-2,00000000000422E-04;0;0;0;0,5007745;0;0
13.11.2020 05:49:44;20,25;31,995;31,7471511666667;800;5,15726559477124;116,285838809524;0,500999000833333;0;0;0;0,5;0;0;0;0;0;2,5;0;0;0;0,3;42;61,4966722222222;258,993338888889;0;0;0;9841;0;0;0;0;0;0;0;0;0;-2,00000000000422E-04;0;0;0;0,500999000833333;0;0
13.11.2020 05:54:44;20,3333333333333;31,995;31,7999994166667;800;5,17125844444444;115,320611666667;0,500926495833333;0;0;0;0,5;0;0;0;0;0;2,5;0;0;0;0,3;42;61,9999944444444;260,496661111111;0;0;0;9841;0;0;0;0;0;0;0;0;0;-2,00000000000422E-04;0;0;0;0,500926495833333;0;0
13.11.2020 05:59:44;20,4166666666667;31,995;31,8;800;5,13892046666667;114,049413333333;0,500551000833333;0;0;0;0,5;0;0;0;0;0;2,5;0;0;0;0,3;42;62;261,496666666667;0;0;0;9841;0;0;0;0;0;0;0;0;0;-2,00000000000422E-04;0;0;0;0,500551000833333;0;0
13.11.2020 06:04:44;20,5;31,995;31,8;800;5,16882929090909;114,300585;0,500698005;0;0;0;0,5;0;0;0;0;0;2,5;0;0;0;0,3;42;62;262,496666666667;0;0;0;9841;0;0;0;0;0;0;0;0;0;-2,00000000000422E-04;0;0;0;0,500698005;0;0
13.11.2020 06:09:44;20,5833333333333;31,995;31,8;800;5,17167052637486;113,431875;0,501148998333333;0;0;0;0,5;0;0;0;0;0;2,5;0;0;0;0,3;42;62;263,496666666667;0;0;0;9841;0;0;0;0;0;0;0;0;0;-2,00000000000422E-04;0;0;0;0,501148998333333;0;0
13.11.2020 06:14:44;20,6666666666667;31,995;31,7478494166667;800;5,18086693827161;114,710246666667;0,500927494166667;0;0;0;0,5;0;0;0;0;0;2,5;0;0;0;0,3;42;62;264,496666666667;0;0;0;9841;0;0;0;0;0;0;0;0;0;-2,00000000000422E-04;0;0;0;0,500927494166667;0;0
13.11.2020 06:19:44;20,75;31,995;31,7471511666667;800;5,1880863;113,365222222222;0,500699005833333;0;0;0;0,5;0;0;0;0;0;2,5;0;0;0;0,3;42;62,4966722222222;265,496666666667;0;0;0;9841;0;0;0;0;0;0;0;0;0;-2,00000000000422E-04;0;0;0;0,500699005833333;0;0
13.11.2020 06:24:44;20,8333333333333;31,995;31,7999994166667;800;5,19337701666667;114,25319;0,500849998333333;0;0;0;0,5;0;0;0;0;0;2,5;0;0;0;0,3;42;62,9999944444444;266,496666666667;0;0;0;9841;0;0;0;0;0;0;0;0;0;-2,00000000000422E-04;0;0;0;0,500849998333333;0;0
13.11.2020 06:29:44;20,9166666666667;31,995;31,8;800;5,24031011111111;115,680487777778;0,500700998333333;0;0;0;0,5;0;0;0;0;0;2,5;0;0;0;0,3;42;63;267,496666666667;0;0;0;9841;0;0;0;0;0;0;0;0;0;-2,00000000000422E-04;0;0;0;0,500700998333333;0;0
13.11.2020 06:34:44;21;31,995;31,8;800;5,20014844166667;115,00477;0,500401;0;0;0;0,5;0;0;0;0;0;2,5;0;0;0;0,3;42;63;268,496666666667;0;0;0;9841;0;0;0;0;0;0;0;0;0;-2,00000000000422E-04;0;0;0;0,500401;0;0
13.11.2020 06:39:44;21,0833333333333;31,995;31,8;800;5,17031238611111;114,548903333333;0,500548005;0;0;0;0,5;0;0;0;0;0;2,5;0;0;0;0,3;42;63;269,496666666667;0;0;0;9841;0;0;0;0;0;0;0;0;0;-2,00000000000422E-04;0;0;0;0,500548005;0;0
13.11.2020 06:44:44;21,1666666666667;31,995;31,8;800;5,16908571520468;113,008612333333;0,500998998333333;0;0;0;0,5;0;0;0;0;0;2,5;0;0;0;0,3;42;63,4966722222222;270,496666666667;0;0;0;9841;0;0;0;0;0;0;0;0;0;-2,00000000000422E-04;0;0;0;0,500998998333333;0;0
13.11.2020 06:49:44;21,25;31,995;31,8;800;5,14910629590643;112,900012666667;0,500926495833333;0;0;0;0,5;0;0;0;0;0;2,5;0;0;0;0,3;42;63,9999944444444;271,496666666667;0;0;0;9841;0;0;0;0;0;0;0;0;0;-2,00000000000422E-04;0;0;0;0,500926495833333;0;0
13.11.2020 06:54:44;21,3333333333333;31,995;31,7478494166667;800;5,13200683333333;112,939171666667;0,500625501666667;0;0;0;0,5;0;0;0;0;0;2,5;0;0;0;0,3;42;64;272,496666666667;0;0;0;9841;0;0;0;0;0;0;0;0;0;-2,00000000000422E-04;0;0;0;0,500625501666667;0;0
13.11.2020 06:59:44;21,4166666666667;31,995;31,7248009166667;800;5,17029130840841;114,269991111111;0,500550000833333;0;0;0;0,5;0;0;0;0;0;2,5;0;0;0;0,3;42;64;273,496666666667;0;0;0;9841;0;0;0;0;0;0;0;0;0;-2,00000000000422E-04;0;0;0;0,500550000833333;0;0
13.11.2020 07:04:44;21,5;31,995;31,7773499166667;800;5,15940403603604;115,001486888889;0,500699001666667;0;0;0;0,5;0;0;0;0;0;2,5;0;0;0;0,3;42;64;274,496666666667;0;0;0;9841;0;0;0;0;0;0;0;0;0;-2,00000000000422E-04;0;0;0;0,500699001666667;0;0
13.11.2020 07:09:44;21,5833333333333;31,995;31,79999975;800;5,15571290196079;115,137117;0,500849998333333;0;0;0;0,5;0;0;0;0;0;2,5;0;0;0;0,3;42;64;275,496666666667;0;0;0;9841;0;0;0;0;0;0;0;0;0;-2,00000000000422E-04;0;0;0;0,500849998333333;0;0
13.11.2020 07:14:44;21,6666666666667;31,995;31,8;800;5,16577694488606;114,701209166667;0,500700998333333;0;0;0;0,5;0;0;0;0;0;2,5;0;0;0;0,3;42;64,4966722222222;276,496666666667;0;0;0;9841;0;0;0;0;0;0;0;0;0;-2,00000000000422E-04;0;0;0;0,500700998333333;0;0
13.11.2020 07:19:44;21,75;31,995;31,8;800;5,17541662537538;115,785388055556;0,5006245025;0;0;0;0,5;0;0;0;0;0;2,5;0;0;0;0,3;42;64,9999944444444;277,496666666667;0;0;0;9841;0;0;0;0;0;0;0;0;0;-2,00000000000422E-04;0;0;0;0,5006245025;0;0
13.11.2020 07:24:44;21,8333333333333;31,995;31,7850998333333;800;5,18899320555556;118,228131587302;0,5007745;0;0;0;0,5;0;0;0;0;0;2,5;0;0;0;0,3;42;65;278,993338888889;0;0;0;9841;0;0;0;0;0;0;0;0;0;-2,00000000000422E-04;0;0;0;0,5007745;0;0
13.11.2020 07:29:44;21,9166666666667;31,995;31,7849003333333;800;5,19894008888889;117,369428412698;0,500775498333333;0;0;0;0,5;0;0;0;0;0;2,5;0;0;0;0,3;42;65;280,496661111111;0;0;0;9841;0;0;0;0;0;0;0;0;0;-2,00000000000422E-04;0;0;0;0,500775498333333;0;0
13.11.2020 07:34:44;22;31,995;31,74784925;800;5,21694;117,866221111111;0,5008490025;0;0;0;0,5;0;0;0;0;0;2,5;0;0;0;0,3;42;65,4966722222222;281,496666666667;0;0;0;9841;0;0;0;0;0;0;0;0;0;-2,00000000000422E-04;0;0;0;0,5008490025;0;0
13.11.2020 07:39:44;22,0833333333333;31,995;31,7471511666667;800;5,1447266631579;119,36074;0,500850996666667;0;0;0;0,5;0;0;0;0;0;2,5;0;0;0;0,3;42;65,9999944444444;282,496666666667;0;0;0;9841;0;0;0;0;0;0;0;0;0;-2,00000000000422E-04;0;0;0;0,500850996666667;0;0
13.11.2020 07:44:44;22,1666666666667;31,995;31,7031483333333;800;5,16423488499025;118,378105;0,500849003333333;0;0;0;0,5;0;0;0;0;0;2,5;0;0;0;0,3;42;66;283,496666666667;0;0;0;9841;0;0;0;0;0;0;0;0;0;-2,00000000000422E-04;0;0;0;0,500849003333333;0;0
13.11.2020 07:49:44;22,25;31,995;31,6497015833333;800;5,16248337962963;118,260326666667;0,500627494166667;0;0;0;0,5;0;0;0;0;0;2,5;0;0;0;0,3;42;66;284,496666666667;0;0;0;9841;0;0;0;0;0;0;0;0;0;-2,00000000000422E-04;0;0;0;0,500627494166667;0;0
13.11.2020 07:54:44;22,3333333333333;31,995;31,6949995;800;5,16798000555556;118,295138333333;0,500473506666667;0;0;0;0,5;0;0;0;0;0;2,5;0;0;0;0,3;42;66;285,496666666667;0;0;0;9841;0;0;0;0;0;0;0;0;0;-2,00000000000422E-04;0;0;0;0,500473506666667;0;0
13.11.2020 07:59:44;22,4166666666667;31,995;31,7471505833333;800;5,16056985;118,054463333333;0,500774498333333;0;0;0;0,5;0;0;0;0;0;2,5;0;0;0;0,3;42;66,4966722222222;286,496666666667;0;0;0;9841;0;0;0;0;0;0;0;0;0;-2,00000000000422E-04;0;0;0;0,500774498333333;0;0
13.11.2020 08:04:44;22,5;31,995;31,7999994166667;800;5,17802535322581;119,894241666667;0,500775498333333;0;0;0;0,5;0;0;0;0;0;2,5;0;0;0;0,3;42;66,9999944444444;287,496666666667;0;0;0;9841;0;0;0;0;0;0;0;0;0;-2,00000000000422E-04;0;0;0;0,500775498333333;0;0
13.11.2020 08:09:44;22,5833333333333;31,995;31,7627495833333;800;5,17446981344086;120,56838;0,5006255;0;0;0;0,5;0;0;0;0;0;2,5;0;0;0;0,3;42;67;288,496666666667;0;0;0;9841;0;0;0;0;0;0;0;0;0;-2,00000000000422E-04;0;0;0;0,5006255;0;0
13.11.2020 08:14:44;22,6666666666667;31,995;31,7622508333333;800;5,18794005;119,0895075;0,5006990025;0;0;0;0,5;0;0;0;0;0;2,5;0;0;0;0,3;42;67;289,496666666667;0;0;0;9841;0;0;0;0;0;0;0;0;0;-2,00000000000422E-04;0;0;0;0,5006990025;0;0
13.11.2020 08:19:44;22,75;31,995;31,747849;800;5,17862302777778;118,2136675;0,500700996666667;0;0;0;0,5;0;0;0;0;0;2,5;0;0;0;0,3;42;67;290,496666666667;0;0;0;9841;0;0;0;0;0;0;0;0;0;-2,00000000000422E-04;0;0;0;0,500700996666667;0;0
13.11.2020 08:24:44;22,8333333333333;31,995;31,6950005833333;800;5,13814662777778;117,346826666667;0,500848005;0;0;0;0,5;0;0;0;0;0;2,5;0;0;0;0,3;42;67,4966722222222;291,496666666667;0;0;0;9841;0;0;0;0;0;0;0;0;0;-2,00000000000422E-04;0;0;0;0,500848005;0;0
13.11.2020 08:29:44;22,9166666666667;31,995;31,7471505833333;800;5,14993028148148;112,18943;0,500926494166667;0;0;0;0,5;0;0;0;0;0;2,5;0;0;0;0,3;42;67,9999944444444;292,496666666667;0;0;0;9841;0;0;0;0;0;0;0;0;0;-2,00000000000422E-04;0;0;0;0,500926494166667;0;0
13.11.2020 08:34:44;23;31,995;31,7478488333333;800;5,16757816851852;115,885616666667;0,500625501666667;0;0;0;0,5;0;0;0;0;0;2,5;0;0;0;0,3;42;68;293,496666666667;0;0;0;9841;0;0;0;0;0;0;0;0;0;-2,00000000000422E-04;0;0;0;0,500625501666667;0;0
13.11.2020 08:39:44;23,0833333333333;31,995;31,7471511666667;800;5,14656335555556;113,905065;0,500848004166667;0;0;0;0,5;0;0;0;0;0;2,5;0;0;0;0,3;42;68;294,496666666667;0;0;0;9841;0;0;0;0;0;0;0;0;0;-2,00000000000422E-04;0;0;0;0,500848004166667;0;0
13.11.2020 08:44:44;23,1666666666667;31,995;31,7999994166667;800;5,17474719444444;110,3146775;0,500926494166667;0;0;0;0,5;0;0;0;0;0;2,5;0;0;0;0,3;42;68,4966722222222;295,496666666667;0;0;0;9841;0;0;0;0;0;0;0;0;0;-2,00000000000422E-04;0;0;0;0,500926494166667;0;0
13.11.2020 08:49:44;23,25;31,995;31,8;800;5,22442303888889;109,746974166667;0,500923505;0;0;0;0,5;0;0;0;0;0;2,5;0;0;0;0,3;42;68,9999944444445;296,496666666667;0;0;0;9841;0;0;0;0;0;0;0;0;0;-2,00000000000422E-04;0;0;0;0,500923505;0;0
13.11.2020 08:54:44;23,3333333333333;31,995;31,7478494166667;800;5,15817339160207;107,182335;0,501000995833333;0;0;0;0,5;0;0;0;0;0;2,5;0;0;0;0,3;42;69;297,496666666667;0;0;0;9841;0;0;0;0;0;0;0;0;0;-2,00000000000422E-04;0;0;0;0,501000995833333;0;0
13.11.2020 08:59:44;23,4166666666667;31,995;31,6950005833333;800;5,16495988062015;104,597154166667;0,5009245025;0;0;0;0,5;0;0;0;0;0;2,5;0;0;0;0,3;42;69,4966722222222;298,993338888889;0;0;0;9841;0;0;0;0;0;0;0;0;0;-2,00000000000422E-04;0;0;0;0,5009245025;0;0
13.11.2020 09:04:44;23,5;31,995;31,695;800;5,16354985;98,5008608333333;0,500776496666667;0;0;0;0,5;0;0;0;0;0;2,5;0;0;0;0,3;42;69,9999944444444;300,496661111111;0;0;0;9841;0;0;0;0;0;0;0;0;0;-2,00000000000422E-04;0;0;0;0,500776496666667;0;0
13.11.2020 09:09:44;23,5833333333333;31,995;31,695;800;5,15947678888889;95,2554433333333;0,5001029975;0;0;0;0,5;0;0;0;0;0;2,5;0;0;0;0,3;42;70;301,496666666667;0;0;0;9841;0;0;0;0;0;0;0;0;0;-2,00000000000422E-04;0;0;0;0,5001029975;0;0
13.11.2020 09:14:44;23,6666666666667;31,995;31,5981489166667;800;5,16488412777778;93,8161011111111;0,5003205125;0;0;0;0,5;0;0;0;0;0;2,5;0;0;0;0,3;42;70;302,496666666667;0;0;0;9841;0;0;0;0;0;0;0;0;0;-2,00000000000422E-04;0;0;0;0,5003205125;0;0
13.11.2020 09:19:44;23,75;32,0471505833333;31,5000010833333;817,0404;5,1488228;63,0767188888889;0,5009999925;0;0;0;0,5;0;0;0;0;0;2,5;0;0;0;0,3;42;70,4966722222222;303,496666666667;0;0;0;9841;0;0;0;0;0;0;0;0;0;-2,00000000000422E-04;0;0;0;0,5009999925;0;0
13.11.2020 09:24:44;23,8333333333333;32,0478488333333;31,5;882,278346666667;5,12046378888889;36,9156333333333;0,501074500833333;0;0;0;0,5;0;0;0;0;0;2,5;0;0;0;0,3;42;71,9933388888889;304,496666666667;0;0;0;9841;0;0;0;0;0;0;0;0;0;-2,00000000000422E-04;0;0;0;0,501074500833333;0;0
13.11.2020 09:29:44;23,9166666666667;31,9950005833333;31,5;908,99614;5,12168393888889;38,8190233333333;0,501075498333333;0;0;0;0,5;0;0;0;0;0;2,5;0;0;0;0,3;42;73,4966611111111;305,496666666667;0;0;0;9841;0;0;0;0;0;0;0;0;0;-2,00000000000422E-04;0;0;0;0,501075498333333;0;0
13.11.2020 09:34:44;24;31,995;31,4478494166667;932,320713333333;5,10509032222222;39,3498066666667;0,5009255;0;0;0;0,5;0;0;0;0;0;2,5;0;0;0;0,3;42;74,4966666666667;306,496666666667;0;0;0;9841;0;0;0;0;0;0;0;0;0;-2,00000000000422E-04;0;0;0;0,5009255;0;0
13.11.2020 09:39:44;24,0833333333333;31,995;31,2981495;937,221062745098;5,11005335967742;39,31926;0,500924501666667;0;0;0;0,5;0;0;0;0;0;2,5;0;0;0;0,3;42;75,4966666666667;307,496666666667;0;0;0;9841;0;0;0;0;0;0;0;0;0;-2,00000000000422E-04;0;0;0;0,500924501666667;0;0
13.11.2020 09:44:44;24,1666666666667;31,995;30,9988488333333;949,005837254902;5,14367795698925;39,5999783333333;0,500776496666667;0;0;0;0,5;0;0;0;0;0;2,5;0;0;0;0,3;42;76,4966666666667;308,496666666667;0;0;0;9841;0;0;0;0;0;0;0;0;0;-2,00000000000422E-04;0;0;0;0,500776496666667;0;0
13.11.2020 09:49:44;24,25;31,995;31,0483050833333;923,928366666667;5,1487922745098;41,961625;0,500848005833333;0;0;0;0,5;0;0;0;0;0;2,5;0;0;0;0,3;42;76,9999944444444;309,496666666667;0;0;0;9841;0;0;0;0;0;0;0;0;0;-2,00000000000422E-04;0;0;0;0,500848005833333;0;0
13.11.2020 09:54:44;24,3333333333333;31,995;31,3049971666667;858,4974;5,15556295326797;42,6972166666667;0,501149996666667;0;0;0;0,5;0;0;0;0;0;2,5;0;0;0;0,3;42;77;310,496666666667;0;0;0;9841;0;0;0;0;0;0;0;0;0;-2,00000000000422E-04;0;0;0;0,501149996666667;0;0
13.11.2020 09:59:44;24,4166666666667;31,9502995;31,4018510833333;825,800966666667;5,14351674444444;41,93249;0,501075499166667;0;0;0;0,5;0;0;0;0;0;2,5;0;0;0;0,3;42;77;311,496666666667;0;0;0;9841;0;0;0;0;0;0;0;0;0;-2,00000000000422E-04;0;0;0;0,501075499166667;0;0
13.11.2020 10:04:44;24,5;31,9050005;31,5372493333333;800,000766666667;5,15304936111111;75,17694;0,501074501666667;0;0;0;0,5;0;0;0;0;0;2,5;0;0;0;0,3;42;77,4966722222222;312,496666666667;0;0;0;9841;0;0;0;0;0;0;0;0;0;-2,00000000000422E-04;0;0;0;0,501074501666667;0;0
13.11.2020 10:09:44;24,5833333333333;31,9497005;31,5377491666667;800;5,16233927222222;90,1416805555556;0,500777495;0;0;0;0,5;0;0;0;0;0;2,5;0;0;0;0,3;42;77,9999944444444;313,496666666667;0;0;0;9841;0;0;0;0;0;0;0;0;0;-2,00000000000422E-04;0;0;0;0,500777495;0;0
13.11.2020 10:14:44;24,6666666666667;31,9949995;31,5000004166667;800;5,14419072777778;94,3216161111111;0,500623506666667;0;0;0;0,5;0;0;0;0;0;2,5;0;0;0;0,3;42;78,4966722222222;314,496666666667;0;0;0;9841;0;0;0;0;0;0;0;0;0;-2,00000000000422E-04;0;0;0;0,500623506666667;0;0
13.11.2020 10:19:44;24,75;31,995;31,6639018333333;800;5,15800625;92,62626;0,500775496666667;0;0;0;0,5;0;0;0;0;0;2,5;0;0;0;0,3;42;79,4966666666667;315,496666666667;0;0;0;9841;0;0;0;0;0;0;0;0;0;-2,00000000000422E-04;0;0;0;0,500775496666667;0;0
13.11.2020 10:24:44;24,8333333333333;31,995;31,6660963333333;800;5,10046408333333;92,7128966666666;0,500923503333333;0;0;0;0,5;0;0;0;0;0;2,5;0;0;0;0,3;42;80,9933388888889;316,496666666667;0;0;0;9841;0;0;0;0;0;0;0;0;0;-2,00000000000422E-04;0;0;0;0,500923503333333;0;0
13.11.2020 10:29:44;24,9166666666667;31,995;31,5000018333333;800;5,06376462222222;90,7960366666667;0,500926495;0;0;0;0,5;0;0;0;0;0;2,5;0;0;0;0,3;42;87,9600555555555;317,496666666667;0;0;0;9841;0;0;0;0;0;0;0;0;0;-2,00000000000422E-04;0;0;0;0,500926495;0;0
13.11.2020 10:34:44;25;31,995;31,5521505833333;800;4,8812811;88,4406966666667;0,500923505;0;0;0;0,5;0;0;0;0;0;2,5;0;0;0;0,3;42;132,243694444444;318,993338888889;0;0;0;9841;0;0;0;0;0;0;0;0;0;-2,00000000000422E-04;0;0;0;0,500923505;0;0
13.11.2020 10:39:44;25,0833333333333;31,995;31,6049994166667;800;4,67276704789272;83,8846429629629;0,501000995833333;0;0;0;0,5;0;0;0;0;0;2,5;0;0;0;0,3;42;226,113516666667;320,496661111111;0;0;0;9841;0;0;0;0;0;0;0;0;0;-2,00000000000422E-04;0;0;0;0,501000995833333;0;0
13.11.2020 10:44:44;25,1666666666667;31,995;31,5528494166667;800;4,52905056321839;69,9760537037037;0,500775500833333;0;0;0;0,5;0;0;0;0;0;2,5;0;0;0;0,3;42;336,641655555556;321,496666666667;0;0;0;9841;0;0;0;0;0;0;0;0;0;-2,00000000000422E-04;0;0;0;0,500775500833333;0;0
13.11.2020 10:49:44;25,25;31,995;31,5521511666667;800;4,43875657222222;63,57452;0,500923503333333;0;0;0;0,5;0;0;0;0;0;2,5;0;0;0;0,3;42;446,641666666667;322,496666666667;0;0;0;9841;0;0;0;0;0;0;0;0;0;-2,00000000000422E-04;0;0;0;0,500923503333333;0;0
13.11.2020 10:54:44;25,3333333333333;31,995;31,6049994166667;800;4,36821340555556;64,11159;0,501075496666667;0;0;0;0,5;0;0;0;0;0;2,5;0;0;0;0,3;42;557,113344444444;323,496666666667;0;0;0;9841;0;0;0;0;0;0;0;0;0;-2,00000000000422E-04;0;0;0;0,501075496666667;0;0
13.11.2020 10:59:44;25,4166666666667;31,995;31,605;800;4,30421333333333;73,4690666666667;0,501000000833333;0;0;0;0,5;0;0;0;0;0;2,5;0;0;0;0,3;42;614,986077777778;324,496666666667;0;0;0;9841;0;0;0;0;0;0;0;0;0;-2,00000000000422E-04;0;0;0;0,501000000833333;0;0
13.11.2020 11:04:44;25,5;31,995;31,605;800;4,23772997222222;76,2255766666667;0,500925499166667;0;0;0;0,5;0;0;0;0;0;2,5;0;0;0;0,3;42;616,999977777778;325,496666666667;0;0;0;9841;0;0;0;0;0;0;0;0;0;-2,00000000000422E-04;0;0;0;0,500925499166667;0;0
13.11.2020 11:09:44;25,5833333333333;31,995;31,605;800;4,16823332777778;84,4137216666667;0,5009990025;0;0;0;0,5;0;0;0;0;0;2,5;0;0;0;0,3;42;617;326,496666666667;0;0;0;9841;0;0;0;0;0;0;0;0;0;-2,00000000000422E-04;0;0;0;0,5009990025;0;0
13.11.2020 11:14:44;25,6666666666667;31,995;31,605;800;4,09674331666667;87,414655;0,500851995;0;0;0;0,5;0;0;0;0;0;2,5;0;0;0;0,3;42;617;327,496666666667;0;0;0;9841;0;0;0;0;0;0;0;0;0;-2,00000000000422E-04;0;0;0;0,500851995;0;0
13.11.2020 11:19:44;25,75;31,995;31,605;800;4,02225331666667;90,2940633333333;0,500699005;0;0;0;0,5;0;0;0;0;0;2,5;0;0;0;0,3;42;617;328,496666666667;0;0;0;9841;0;0;0;0;0;0;0;0;0;-2,00000000000422E-04;0;0;0;0,500699005;0;0
13.11.2020 11:24:44;25,8333333333333;31,995;31,605;800;3,94973003888889;91,7459466666667;0,5007754975;0;0;0;0,5;0;0;0;0;0;2,5;0;0;0;0,3;42;617;329,496666666667;0;0;0;9841;0;0;0;0;0;0;0;0;0;-2,00000000000422E-04;0;0;0;0,5007754975;0;0
13.11.2020 11:29:44;25,9166666666667;31,995;31,62735025;800;3,88371003333333;96,3868333333334;0,500998004166667;0;0;0;0,5;0;0;0;0;0;2,5;0;0;0;0,3;42;617;330,496666666667;0;0;0;9841;0;0;0;0;0;0;0;0;0;-2,00000000000422E-04;0;0;0;0,500998004166667;0;0
13.11.2020 11:34:44;26;31,995;31,6276495;800;3,82220001666667;99,47999;0,501001993333333;0;0;0;0,5;0;0;0;0;0;2,5;0;0;0;0,3;42;617;331,496666666667;0;0;0;9841;0;0;0;0;0;0;0;0;0;-2,00000000000422E-04;0;0;0;0,501001993333333;0;0
13.11.2020 11:39:44;26,0833333333333;31,995;31,60500025;800;3,76418668888889;99,12309;0,500774504166667;0;0;0;0,5;0;0;0;0;0;2,5;0;0;0;0,3;42;617;332,496666666667;0;0;0;9841;0;0;0;0;0;0;0;0;0;-2,00000000000422E-04;0;0;0;0,500774504166667;0;0
13.11.2020 11:44:44;26,1666666666667;31,995;31,605;800;3,70967668333333;102,681613333333;0,5007009975;0;0;0;0,5;0;0;0;0;0;2,5;0;0;0;0,3;42;617;333,496666666667;0;0;0;9841;0;0;0;0;0;0;0;0;0;-2,00000000000422E-04;0;0;0;0,5007009975;0;0
13.11.2020 11:49:44;26,25;31,995;31,6497005;800;3,66065004444445;104,978705555556;0,500699003333333;0;0;0;0,5;0;0;0;0;0;2,5;0;0;0;0,3;42;617;334,496666666667;0;0;0;9841;0;0;0;0;0;0;0;0;0;-2,00000000000422E-04;0;0;0;0,500699003333333;0;0
13.11.2020 11:54:44;26,3333333333333;31,995;31,6875494166667;800;3,61515332777778;104,235747777778;0,500849998333333;0;0;0;0,5;0;0;0;0;0;2,5;0;0;0;0,3;42;617;335,496666666667;0;0;0;9841;0;0;0;0;0;0;0;0;0;-2,00000000000422E-04;0;0;0;0,500849998333333;0;0
13.11.2020 11:59:44;26,4166666666667;31,995;31,6427496666667;800;3,56865666111111;108,193536666667;0,50085;0;0;0;0,5;0;0;0;0;0;3,19166666666667;0;0;0;0,3;42;617;336,993338888889;0;0;0;9841;0;0;0;0;0;0;0;0;0;-2,00000000000422E-04;0;0;0;0,50085;0;0
13.11.2020 12:04:44;26,5;32,0471505833333;31,3069970833333;920,084433333333;3,20909148333333;38,1694144444444;0,5006264975;0;0;0;0,5;0;0;0;0;0;7,5;0;0;0;0,3;42;617;339,490005555556;0;0;0;9841;0;0;0;0;0;0;0;0;0;-2,00000000000422E-04;0;0;0;0,5006264975;0;0
13.11.2020 12:09:44;26,5833333333333;32,0999994166667;30,95285275;1023,90143333333;2,75687951111111;36,5768618888889;0,500474503333333;0;0;0;0,5;0;0;0;0;0;7,5;0;0;0;0,3;42;617;342,49;0;0;0;9841;0;0;0;0;0;0;0;0;0;-2,00000000000422E-04;0;0;0;0,500474503333333;0;0
13.11.2020 12:14:44;26,6666666666667;32,1;30,84785;1071,26319444444;2,58114018333333;39,5115198888889;0,500699000833333;0;0;0;0,5;0;0;0;0;0;7,5;0;0;0;0,3;42;617;345,49;0;0;0;9841;0;0;0;0;0;0;0;0;0;-2,00000000000422E-04;0;0;0;0,500699000833333;0;0
13.11.2020 12:19:44;26,75;32,1;30,7503000833333;1065,90697222222;2,46579026666667;40,7285504444444;0,500999;0;0;0;0,5;0;0;0;0;0;1,7125;0;0;0;0,3;42;617;347,496655555556;0;0;0;9841;0;0;0;0;0;0;0;0;0;-2,00000000000422E-04;0;0;0;0,500999;0;0
13.11.2020 12:24:44;26,8333333333333;32,0478494166667;30,95085325;1001,48926;2,38971678888889;43,1689563636364;0,501000996666667;0;0;0;0,5;0;0;0;0;0;0;0;0;0;0,3;42;617;347,999994444444;0;0;0;9841;0;0;0;0;0;0;0;0;0;-2,00000000000422E-04;0;0;0;0,501000996666667;0;0
13.11.2020 12:29:44;26,9166666666667;31,995175;31,199175;966,912;2,35710833333333;43,2420909090909;0,5008505;0;0;0;0,5;0;0;0;0;0;0;0;0;0;0,3;42;617;348;0;0;0;9841;0;0;0;0;0;0;0;0;0;-2,00000000000422E-04;0;0;0;0,5008505;0;0
13.11.2020 12:34:44;27;;;;;;;;;;;;;;;;;;;;;;;;;;;;;;;;;;;;;;;;;;;
